Workbook

Sheet Table of content
A4: Table of content
A5: Spreadsheet title | B5: Description
A6: Reference data -- material list
A7: Materials | B7: List of materials covered
A8: Red sheet represent data used for the material limits in EnergyScope
A9: Material_limits | B9: Material limits in tons per year, per material, every 5 years from 2020 to 2050.
A10: Red sheet represent data used for the material limits in EnergyScope
A11: RoE_Demand | B11: Material demand from the rest of economy in % until 2050. Most values are hypothesis
A12: Yellow spreadsheets represent study results
A13: MiningCapacity_Calcul | B13: Production in 2020 by metal in tons by year, with specification of the mining flow considered
B14: Estimation of beta, the median of historical production growth, by metals, used to project future metal production until 2050. Specification of the historical production years used for each metal to estimate beta. Hypothesis of future production rate for each metal. Beta of the metals added in this version (Iridium, Lanthanum, Magnesium, Palladium, Platinum) is linked to the Calcul_Prod spreadsheet.
B15: IEA estimation of production between 2020 and 2040 in tons per year for cobalt, copper, nickel and lithium. Beta projection used between 2040 and 2050.
B16: By-product content hypothesis from the major host for cadmium, gallium, germanium, indium, selenium and tellurium
A17: Reserves_Resources_RR | B17: Reserve and resources estimates in tons per metal, with confidence level and reference.
B18: Recovery rates by metal in percentage (Charpentier Poncelet et al., 2022): RR_Refining compares the metal in the final product to the production state; RR_Mining_Refining compares it to the mining state (see Ref&Hp for the calculation rule).
A19: MiningCapacity_Results | B19: Global primary mining capacity in tons per year for decades from 2020 to 2050 per metal: Primary_Production = production 2020 × (1 + beta)^(t − 2020) × RR_Refining (IEA data for Co, Cu, Ni, Li until 2040; by-product ratio for by-products).
A20: Dark grey spreadsheet represent reference and hypothesis of calculation
A21: Ref&Hp | B21: The references of each spreadsheet is organized in this file in a table, by spreadsheet name, followed by the hypothesis made.
A22: Calcul_Prod | B22: Table presenting calculation methods for future production. Includes historical data of production by metals (1913–2022), calculation of beta for each metal (mean and median of annual growth over three windows: all years, 1990–2022, 1990–2022 excluding the 2019–2020 covid years), by-product / host ratio estimates, and calculation of future by-product production based on the host one.

Sheet Materials
A1: Full_Name | B1: Short_Code
A2: Aluminum | B2: Al
A3: Boron | B3: B
A4: Cadmium | B4: Cd
A5: Chromium | B5: Cr
A6: Cobalt | B6: Co
A7: Concrete | B7: Concrete
A8: Copper | B8: Cu
A9: Dysprosium | B9: Dy
A10: Gallium | B10: Ga
A11: Germanium | B11: Ge
A12: Glass | B12: Glass
... A42: Zirconium | B42: Zr

Sheet Material_limits
A1: Material limits [t] | B1: 2020 | C1: 2025 | D1: 2030 | E1: 2035 | F1: 2040 | G1: 2045 | H1: 2050
A2: Aluminum | B2: =MiningCapacity_Results!C2*0.003*(1-RoE_Demand!B2) -> 44339.874 | C2: =MiningCapacity_Results!D2*0.003*(1-RoE_Demand!C2) -> 59673.352 | D2: =MiningCapacity_Results!E2*0.003*(1-RoE_Demand!D2) -> 80309.407 | E2: =MiningCapacity_Results!F2*0.003*(1-RoE_Demand!E2) -> 108081.76 | F2: =MiningCapacity_Results!G2*0.003*(1-RoE_Demand!F2) -> 145458.26 | G2: =MiningCapacity_Results!H2*0.003*(1-RoE_Demand!G2) -> 195760.18 | H2: =MiningCapacity_Results!I2*0.003*(1-RoE_Demand!H2) -> 263457.36
A3: Boron | B3: =MiningCapacity_Results!C3*0.003*(1-RoE_Demand!B3) -> 103.85257 | C3: =MiningCapacity_Results!D3*0.003*(1-RoE_Demand!C3) -> 132.36637 | D3: =MiningCapacity_Results!E3*0.003*(1-RoE_Demand!D3) -> 168.70894 | E3: =MiningCapacity_Results!F3*0.003*(1-RoE_Demand!E3) -> 215.02974 | F3: =MiningCapacity_Results!G3*0.003*(1-RoE_Demand!F3) -> 274.0684 | G3: =MiningCapacity_Results!H3*0.003*(1-RoE_Demand!G3) -> 349.31674 | H3: =MiningCapacity_Results!I3*0.003*(1-RoE_Demand!H3) -> 445.2253
A4: Cadmium | B4: =MiningCapacity_Results!C4*0.003*(1-RoE_Demand!B4) -> 0.64165236 | C4: =MiningCapacity_Results!D4*0.003*(1-RoE_Demand!C4) -> 0.76961076 | D4: =MiningCapacity_Results!E4*0.003*(1-RoE_Demand!D4) -> 0.92308665 | E4: =MiningCapacity_Results!F4*0.003*(1-RoE_Demand!E4) -> 1.1071687 | F4: =MiningCapacity_Results!G4*0.003*(1-RoE_Demand!F4) -> 1.3279604 | G4: =MiningCapacity_Results!H4*0.003*(1-RoE_Demand!G4) -> 1.5927825 | H4: =MiningCapacity_Results!I4*0.003*(1-RoE_Demand!H4) -> 1.9104154
A5: Chromium | B5: =MiningCapacity_Results!C5*0.003*(1-RoE_Demand!B5) -> 19806.378 | C5: =MiningCapacity_Results!D5*0.003*(1-RoE_Demand!C5) -> 27544.251 | D5: =MiningCapacity_Results!E5*0.003*(1-RoE_Demand!D5) -> 38305.125 | E5: =MiningCapacity_Results!F5*0.003*(1-RoE_Demand!E5) -> 53270.011 | F5: =MiningCapacity_Results!G5*0.003*(1-RoE_Demand!F5) -> 74081.317 | G5: =MiningCapacity_Results!H5*0.003*(1-RoE_Demand!G5) -> 103023.1 | H5: =MiningCapacity_Results!I5*0.003*(1-RoE_Demand!H5) -> 143271.73
A6: Cobalt | B6: =MiningCapacity_Results!C6*0.003*(1-RoE_Demand!B6) -> 183.18 | C6: =MiningCapacity_Results!D6*0.003*(1-RoE_Demand!C6) -> 323.79 | D6: =MiningCapacity_Results!E6*0.003*(1-RoE_Demand!D6) -> 615.6 | E6: =MiningCapacity_Results!F6*0.003*(1-RoE_Demand!E6) -> 529.245 | F6: =MiningCapacity_Results!G6*0.003*(1-RoE_Demand!F6) -> 442.89 | G6: =MiningCapacity_Results!H6*0.003*(1-RoE_Demand!G6) -> 647.74979 | H6: =MiningCapacity_Results!I6*0.003*(1-RoE_Demand!H6) -> 947.36795
A7: Concrete
A8: Copper | B8: =MiningCapacity_Results!C7*0.003*(1-RoE_Demand!B8) -> 12360 | C8: =MiningCapacity_Results!D7*0.003*(1-RoE_Demand!C8) -> 13470 | D8: =MiningCapacity_Results!E7*0.003*(1-RoE_Demand!D8) -> 14580 | E8: =MiningCapacity_Results!F7*0.003*(1-RoE_Demand!E8) -> 15337.5 | F8: =MiningCapacity_Results!G7*0.003*(1-RoE_Demand!F8) -> 12450 | G8: =MiningCapacity_Results!H7*0.003*(1-RoE_Demand!G8) -> 14178.561 | H8: =MiningCapacity_Results!I7*0.003*(1-RoE_Demand!H8) -> 16147.116
A9: Dysprosium | B9: =MiningCapacity_Results!C8*0.003*(1-RoE_Demand!B9) -> 0.84648176 | C9: =MiningCapacity_Results!D8*0.003*(1-RoE_Demand!C9) -> 1.3103797 | D9: =MiningCapacity_Results!E8*0.003*(1-RoE_Demand!D9) -> 1.9721604 | E9: =MiningCapacity_Results!F8*0.003*(1-RoE_Demand!E9) -> 2.9075854 | F9: =MiningCapacity_Results!G8*0.003*(1-RoE_Demand!F9) -> 4.2197168 | G9: =MiningCapacity_Results!H8*0.003*(1-RoE_Demand!G9) -> 6.0483804 | H9: =MiningCapacity_Results!I8*0.003*(1-RoE_Demand!H9) -> 8.5828215
A10: Gallium | B10: =MiningCapacity_Results!C9*0.003*(1-RoE_Demand!B10) -> 0.11688705 | C10: =MiningCapacity_Results!D9*0.003*(1-RoE_Demand!C10) -> 0.15730857 | D10: =MiningCapacity_Results!E9*0.003*(1-RoE_Demand!D10) -> 0.21170853 | E10: =MiningCapacity_Results!F9*0.003*(1-RoE_Demand!E10) -> 0.28492092 | F10: =MiningCapacity_Results!G9*0.003*(1-RoE_Demand!F10) -> 0.3834514 | G10: =MiningCapacity_Results!H9*0.003*(1-RoE_Demand!G10) -> 0.51605537 | H10: =MiningCapacity_Results!I9*0.003*(1-RoE_Demand!H10) -> 0.69451605
A11: Germanium | B11: =MiningCapacity_Results!C10*0.003*(1-RoE_Demand!B11) -> 0.062244 | C11: =MiningCapacity_Results!D10*0.003*(1-RoE_Demand!C11) -> 0.074656707 | D11: =MiningCapacity_Results!E10*0.003*(1-RoE_Demand!D11) -> 0.089544758 | E11: =MiningCapacity_Results!F10*0.003*(1-RoE_Demand!E11) -> 0.10740179 | F11: =MiningCapacity_Results!G10*0.003*(1-RoE_Demand!F11) -> 0.12881986 | G11: =MiningCapacity_Results!H10*0.003*(1-RoE_Demand!G11) -> 0.15450914 | H11: =MiningCapacity_Results!I10*0.003*(1-RoE_Demand!H11) -> 0.18532137
A12: Glass
A13: Hafnium | B13: =MiningCapacity_Results!C11*0.003*(1-RoE_Demand!B13) -> 0.011248471 | C13: =MiningCapacity_Results!D11*0.003*(1-RoE_Demand!C13) -> 0.015922775 | D13: =MiningCapacity_Results!E11*0.003*(1-RoE_Demand!D13) -> 0.022539487 | E13: =MiningCapacity_Results!F11*0.003*(1-RoE_Demand!E13) -> 0.031905774 | F13: =MiningCapacity_Results!G11*0.003*(1-RoE_Demand!F13) -> 0.045164223 | G13: =MiningCapacity_Results!H11*0.003*(1-RoE_Demand!G13) -> 0.063932222 | H13: =MiningCapacity_Results!I11*0.003*(1-RoE_Demand!H13) -> 0.090499266
A14: Indium | B14: =MiningCapacity_Results!C12*0.003*(1-RoE_Demand!B14) -> 0.2418 | C14: =MiningCapacity_Results!D12*0.003*(1-RoE_Demand!C14) -> 0.28326882 | D14: =MiningCapacity_Results!E12*0.003*(1-RoE_Demand!D14) -> 0.33184956 | E14: =MiningCapacity_Results!F12*0.003*(1-RoE_Demand!E14) -> 0.37436487 | F14: =MiningCapacity_Results!G12*0.003*(1-RoE_Demand!F14) -> 0.42232708 | G14: =MiningCapacity_Results!H12*0.003*(1-RoE_Demand!G14) -> 0.50359833 | H14: =MiningCapacity_Results!I12*0.003*(1-RoE_Demand!H14) -> 0.60050915
A15: Irridium | B15: =MiningCapacity_Results!C13*0.003*(1-RoE_Demand!B15) -> 0.00054 | C15: =MiningCapacity_Results!D13*0.003*(1-RoE_Demand!C15) -> 0.00062905278 | D15: =MiningCapacity_Results!E13*0.003*(1-RoE_Demand!D15) -> 0.00073279148 | E15: =MiningCapacity_Results!F13*0.003*(1-RoE_Demand!E15) -> 0.000853638 | F15: =MiningCapacity_Results!G13*0.003*(1-RoE_Demand!F15) -> 0.00099441362 | G15: =MiningCapacity_Results!H13*0.003*(1-RoE_Demand!G15) -> 0.0011584049 | H15: =MiningCapacity_Results!I13*0.003*(1-RoE_Demand!H15) -> 0.0013494404
A16: Iron | B16: =MiningCapacity_Results!C14*0.003*(1-RoE_Demand!B16) -> 889200 | C16: =MiningCapacity_Results!D14*0.003*(1-RoE_Demand!C16) -> 1073067.9 | D16: =MiningCapacity_Results!E14*0.003*(1-RoE_Demand!D16) -> 1294955.9 | E16: =MiningCapacity_Results!F14*0.003*(1-RoE_Demand!E16) -> 1562725.7 | F16: =MiningCapacity_Results!G14*0.003*(1-RoE_Demand!F16) -> 1885864.6 | G16: =MiningCapacity_Results!H14*0.003*(1-RoE_Demand!G16) -> 2275821.9 | H16: =MiningCapacity_Results!I14*0.003*(1-RoE_Demand!H16) -> 2746414.2
A17: Lead | B17: =MiningCapacity_Results!C15*0.003*(1-RoE_Demand!B17) -> 448.06179 | C17: =MiningCapacity_Results!D15*0.003*(1-RoE_Demand!C17) -> 487.07994 | D17: =MiningCapacity_Results!E15*0.003*(1-RoE_Demand!D17) -> 529.49588 | E17: =MiningCapacity_Results!F15*0.003*(1-RoE_Demand!E17) -> 575.60548 | F17: =MiningCapacity_Results!G15*0.003*(1-RoE_Demand!F17) -> 625.73041 | G17: =MiningCapacity_Results!H15*0.003*(1-RoE_Demand!G17) -> 680.22031 | H17: =MiningCapacity_Results!I15*0.003*(1-RoE_Demand!H17) -> 739.45532
A18: Lanthanum | B18: =MiningCapacity_Results!C16*0.003*(1-RoE_Demand!B18) -> 1.4719604 | C18: =MiningCapacity_Results!D16*0.003*(1-RoE_Demand!C18) -> 1.7482273 | D18: =MiningCapacity_Results!E16*0.003*(1-RoE_Demand!D18) -> 2.0763456 | E18: =MiningCapacity_Results!F16*0.003*(1-RoE_Demand!E18) -> 2.4660472 | F18: =MiningCapacity_Results!G16*0.003*(1-RoE_Demand!F18) -> 2.9288905 | G18: =MiningCapacity_Results!H16*0.003*(1-RoE_Demand!G18) -> 3.4786031 | H18: =MiningCapacity_Results!I16*0.003*(1-RoE_Demand!H18) -> 4.1314893
A19: Lithium | B19: =MiningCapacity_Results!C17*0.003*(1-RoE_Demand!B19) -> 87.615 | C19: =MiningCapacity_Results!D17*0.003*(1-RoE_Demand!C19) -> 316.36396 | D19: =MiningCapacity_Results!E17*0.003*(1-RoE_Demand!D19) -> 708.64679 | E19: =MiningCapacity_Results!F17*0.003*(1-RoE_Demand!E19) -> 696.82705 | F19: =MiningCapacity_Results!G17*0.003*(1-RoE_Demand!F19) -> 666.83688 | G19: =MiningCapacity_Results!H17*0.003*(1-RoE_Demand!G19) -> 900.96999 | H19: =MiningCapacity_Results!I17*0.003*(1-RoE_Demand!H19) -> 1145.7031
A20: Magnesium | B20: =MiningCapacity_Results!C18*0.003*(1-RoE_Demand!B20) -> 141.12 | C20: =MiningCapacity_Results!D18*0.003*(1-RoE_Demand!C20) -> 185.31397 | D20: =MiningCapacity_Results!E18*0.003*(1-RoE_Demand!D20) -> 243.34798 | E20: =MiningCapacity_Results!F18*0.003*(1-RoE_Demand!E20) -> 319.55627 | F20: =MiningCapacity_Results!G18*0.003*(1-RoE_Demand!F20) -> 419.63039 | G20: =MiningCapacity_Results!H18*0.003*(1-RoE_Demand!G20) -> 551.04431 | H20: =MiningCapacity_Results!I18*0.003*(1-RoE_Demand!H20) -> 723.61259
A21: Manganese | B21: =MiningCapacity_Results!C19*0.003*(1-RoE_Demand!B21) -> 2733.7371 | C21: =MiningCapacity_Results!D19*0.003*(1-RoE_Demand!C21) -> 4852.2693 | D21: =MiningCapacity_Results!E19*0.003*(1-RoE_Demand!D21) -> 8788.3425 | E21: =MiningCapacity_Results!F19*0.003*(1-RoE_Demand!E21) -> 13370.521 | F21: =MiningCapacity_Results!G19*0.003*(1-RoE_Demand!F21) -> 18364.139 | G21: =MiningCapacity_Results!H19*0.003*(1-RoE_Demand!G21) -> 26864.49 | H21: =MiningCapacity_Results!I19*0.003*(1-RoE_Demand!H21) -> 34059.535
A22: Molybdenum | B22: =MiningCapacity_Results!C20*0.003*(1-RoE_Demand!B22) -> 126.26865 | C22: =MiningCapacity_Results!D20*0.003*(1-RoE_Demand!C22) -> 142.14602 | D22: =MiningCapacity_Results!E20*0.003*(1-RoE_Demand!D22) -> 213.35982 | E22: =MiningCapacity_Results!F20*0.003*(1-RoE_Demand!E22) -> 300.23535 | F22: =MiningCapacity_Results!G20*0.003*(1-RoE_Demand!F22) -> 337.98779 | G22: =MiningCapacity_Results!H20*0.003*(1-RoE_Demand!G22) -> 456.58479 | H22: =MiningCapacity_Results!I20*0.003*(1-RoE_Demand!H22) -> 513.99704
A23: Neodymium | B23: =MiningCapacity_Results!C21*0.003*(1-RoE_Demand!B23) -> 15.791049 | C23: =MiningCapacity_Results!D21*0.003*(1-RoE_Demand!C23) -> 38.949962 | D23: =MiningCapacity_Results!E21*0.003*(1-RoE_Demand!D23) -> 70.026827 | E23: =MiningCapacity_Results!F21*0.003*(1-RoE_Demand!E23) -> 92.121129 | F23: =MiningCapacity_Results!G21*0.003*(1-RoE_Demand!F23) -> 121.18645 | G23: =MiningCapacity_Results!H21*0.003*(1-RoE_Demand!G23) -> 194.41735 | H23: =MiningCapacity_Results!I21*0.003*(1-RoE_Demand!H23) -> 255.75834
A24: Nickel | B24: =MiningCapacity_Results!C22*0.003*(1-RoE_Demand!B24) -> 711.31269 | C24: =MiningCapacity_Results!D22*0.003*(1-RoE_Demand!C24) -> 1775.1644 | D24: =MiningCapacity_Results!E22*0.003*(1-RoE_Demand!D24) -> 4522.9285 | E24: =MiningCapacity_Results!F22*0.003*(1-RoE_Demand!E24) -> 5509.8394 | F24: =MiningCapacity_Results!G22*0.003*(1-RoE_Demand!F24) -> 6235.18 | G24: =MiningCapacity_Results!H22*0.003*(1-RoE_Demand!G24) -> 7981.858 | H24: =MiningCapacity_Results!I22*0.003*(1-RoE_Demand!H24) -> 10217.838
... A26: Palladium | B26: =MiningCapacity_Results!C24*0.003*(1-RoE_Demand!B26) -> 0.46486507 | C26: =MiningCapacity_Results!D24*0.003*(1-RoE_Demand!C26) -> 0.46486507 | D26: =MiningCapacity_Results!E24*0.003*(1-RoE_Demand!D26) -> 0.43387407 | E26: =MiningCapacity_Results!F24*0.003*(1-RoE_Demand!E26) -> 0.37189206 | F26: =MiningCapacity_Results!G24*0.003*(1-RoE_Demand!F26) -> 0.30991005 | G26: =MiningCapacity_Results!H24*0.003*(1-RoE_Demand!G26) -> 0.24792804 | H26: =MiningCapacity_Results!I24*0.003*(1-RoE_Demand!H26) -> 0.21693703
A27: Polymers
A28: Praesodymium | B28: =MiningCapacity_Results!C25*0.003*(1-RoE_Demand!B28) -> 4.5242177 | C28: =MiningCapacity_Results!D25*0.003*(1-RoE_Demand!C28) -> 11.101797 | D28: =MiningCapacity_Results!E25*0.003*(1-RoE_Demand!D28) -> 19.856576 | E28: =MiningCapacity_Results!F25*0.003*(1-RoE_Demand!E28) -> 25.986803 | F28: =MiningCapacity_Results!G25*0.003*(1-RoE_Demand!F28) -> 34.009586 | G28: =MiningCapacity_Results!H25*0.003*(1-RoE_Demand!G28) -> 54.279519 | H28: =MiningCapacity_Results!I25*0.003*(1-RoE_Demand!H28) -> 71.036979
A29: Platinum | B29: =MiningCapacity_Results!C26*0.003*(1-RoE_Demand!B29) -> 0.1887 | C29: =MiningCapacity_Results!D26*0.003*(1-RoE_Demand!C29) -> 0.20029701 | D29: =MiningCapacity_Results!E26*0.003*(1-RoE_Demand!D29) -> 0.21260674 | E29: =MiningCapacity_Results!F26*0.003*(1-RoE_Demand!E29) -> 0.22567299 | F29: =MiningCapacity_Results!G26*0.003*(1-RoE_Demand!F29) -> 0.23954226 | G29: =MiningCapacity_Results!H26*0.003*(1-RoE_Demand!G29) -> 0.25426391 | H29: =MiningCapacity_Results!I26*0.003*(1-RoE_Demand!H29) -> 0.2698903
A30: Selenium | B30: =MiningCapacity_Results!C27*0.003*(1-RoE_Demand!B30) -> 1.7922 | C30: =MiningCapacity_Results!D27*0.003*(1-RoE_Demand!C30) -> 1.95315 | D30: =MiningCapacity_Results!E27*0.003*(1-RoE_Demand!D30) -> 2.1141 | E30: =MiningCapacity_Results!F27*0.003*(1-RoE_Demand!E30) -> 1.77915 | F30: =MiningCapacity_Results!G27*0.003*(1-RoE_Demand!F30) -> 1.4442 | G30: =MiningCapacity_Results!H27*0.003*(1-RoE_Demand!G30) -> 1.6447131 | H30: =MiningCapacity_Results!I27*0.003*(1-RoE_Demand!H30) -> 1.8730654
A31: Silicon | B31: =MiningCapacity_Results!C28*0.003*(1-RoE_Demand!B31) -> 1800 | C31: =MiningCapacity_Results!D28*0.003*(1-RoE_Demand!C31) -> 5289.5811 | D31: =MiningCapacity_Results!E28*0.003*(1-RoE_Demand!D31) -> 8743.6462 | E31: =MiningCapacity_Results!F28*0.003*(1-RoE_Demand!E31) -> 12847.285 | F31: =MiningCapacity_Results!G28*0.003*(1-RoE_Demand!F31) -> 18876.876 | G31: =MiningCapacity_Results!H28*0.003*(1-RoE_Demand!G31) -> 27736.325 | H31: =MiningCapacity_Results!I28*0.003*(1-RoE_Demand!H31) -> 40753.76
A32: Silver | B32: =MiningCapacity_Results!C29*0.003*(1-RoE_Demand!B32) -> 7.05 | C32: =MiningCapacity_Results!D29*0.003*(1-RoE_Demand!C32) -> 13.492028 | D32: =MiningCapacity_Results!E29*0.003*(1-RoE_Demand!D32) -> 16.081997 | E32: =MiningCapacity_Results!F29*0.003*(1-RoE_Demand!E32) -> 18.104193 | F32: =MiningCapacity_Results!G29*0.003*(1-RoE_Demand!F32) -> 20.380665 | G32: =MiningCapacity_Results!H29*0.003*(1-RoE_Demand!G32) -> 22.943387 | H32: =MiningCapacity_Results!I29*0.003*(1-RoE_Demand!H32) -> 25.828352
A33: Tantalum | B33: =MiningCapacity_Results!C30*0.003*(1-RoE_Demand!B33) -> 0.042097991 | C33: =MiningCapacity_Results!D30*0.003*(1-RoE_Demand!C33) -> 0.061082004 | D33: =MiningCapacity_Results!E30*0.003*(1-RoE_Demand!D33) -> 0.088626824 | E33: =MiningCapacity_Results!F30*0.003*(1-RoE_Demand!E33) -> 0.12859293 | F33: =MiningCapacity_Results!G30*0.003*(1-RoE_Demand!F33) -> 0.18658168 | G33: =MiningCapacity_Results!H30*0.003*(1-RoE_Demand!G33) -> 0.27072036 | H33: =MiningCapacity_Results!I30*0.003*(1-RoE_Demand!H33) -> 0.39280122
A34: Tellurium | B34: =MiningCapacity_Results!C31*0.003*(1-RoE_Demand!B34) -> 0.5506653 | C34: =MiningCapacity_Results!D31*0.003*(1-RoE_Demand!C34) -> 0.75014781 | D34: =MiningCapacity_Results!E31*0.003*(1-RoE_Demand!D34) -> 0.9743568 | E34: =MiningCapacity_Results!F31*0.003*(1-RoE_Demand!E34) -> 0.8199834 | F34: =MiningCapacity_Results!G31*0.003*(1-RoE_Demand!F34) -> 0.66560999 | G34: =MiningCapacity_Results!H31*0.003*(1-RoE_Demand!G34) -> 0.75802344 | H34: =MiningCapacity_Results!I31*0.003*(1-RoE_Demand!H34) -> 0.86326759
A35: Terbium | B35: =MiningCapacity_Results!C32*0.003*(1-RoE_Demand!B35) -> 0.28243204 | C35: =MiningCapacity_Results!D32*0.003*(1-RoE_Demand!C35) -> 0.41235353 | D35: =MiningCapacity_Results!E32*0.003*(1-RoE_Demand!D35) -> 0.58975362 | E35: =MiningCapacity_Results!F32*0.003*(1-RoE_Demand!E35) -> 0.73803944 | F35: =MiningCapacity_Results!G32*0.003*(1-RoE_Demand!F35) -> 0.92360979 | G35: =MiningCapacity_Results!H32*0.003*(1-RoE_Demand!G35) -> 1.1558394 | H35: =MiningCapacity_Results!I32*0.003*(1-RoE_Demand!H35) -> 1.44646
A36: Titanium | B36: =MiningCapacity_Results!C33*0.003*(1-RoE_Demand!B36) -> 147.77997 | C36: =MiningCapacity_Results!D33*0.003*(1-RoE_Demand!C36) -> 181.53241 | D36: =MiningCapacity_Results!E33*0.003*(1-RoE_Demand!D36) -> 668.98135 | E36: =MiningCapacity_Results!F33*0.003*(1-RoE_Demand!E36) -> 1369.624 | F36: =MiningCapacity_Results!G33*0.003*(1-RoE_Demand!F36) -> 1682.4414 | G36: =MiningCapacity_Results!H33*0.003*(1-RoE_Demand!G36) -> 2066.7053 | H36: =MiningCapacity_Results!I33*0.003*(1-RoE_Demand!H36) -> 2538.7337
A37: Tin | B37: =MiningCapacity_Results!C34*0.003*(1-RoE_Demand!B37) -> 275.61414 | C37: =MiningCapacity_Results!D34*0.003*(1-RoE_Demand!C37) -> 305.69041 | D37: =MiningCapacity_Results!E34*0.003*(1-RoE_Demand!D37) -> 339.04874 | E37: =MiningCapacity_Results!F34*0.003*(1-RoE_Demand!E37) -> 376.04729 | F37: =MiningCapacity_Results!G34*0.003*(1-RoE_Demand!F37) -> 417.08329 | G37: =MiningCapacity_Results!H34*0.003*(1-RoE_Demand!G37) -> 462.59732 | H37: =MiningCapacity_Results!I34*0.003*(1-RoE_Demand!H37) -> 513.07805
A38: Tungsten | B38: =MiningCapacity_Results!C35*0.003*(1-RoE_Demand!B38) -> 9.1216469 | C38: =MiningCapacity_Results!D35*0.003*(1-RoE_Demand!C38) -> 10.576927 | D38: =MiningCapacity_Results!E35*0.003*(1-RoE_Demand!D38) -> 12.264384 | E38: =MiningCapacity_Results!F35*0.003*(1-RoE_Demand!E38) -> 14.221061 | F38: =MiningCapacity_Results!G35*0.003*(1-RoE_Demand!F38) -> 16.489909 | G38: =MiningCapacity_Results!H35*0.003*(1-RoE_Demand!G38) -> 19.120731 | H38: =MiningCapacity_Results!I35*0.003*(1-RoE_Demand!H38) -> 22.171279
A39: Vanadium | B39: =MiningCapacity_Results!C36*0.003*(1-RoE_Demand!B39) -> 315 | C39: =MiningCapacity_Results!D36*0.003*(1-RoE_Demand!C39) -> 386.09718 | D39: =MiningCapacity_Results!E36*0.003*(1-RoE_Demand!D39) -> 473.24138 | E39: =MiningCapacity_Results!F36*0.003*(1-RoE_Demand!E39) -> 580.05448 | F39: =MiningCapacity_Results!G36*0.003*(1-RoE_Demand!F39) -> 710.97588 | G39: =MiningCapacity_Results!H36*0.003*(1-RoE_Demand!G39) -> 871.44693 | H39: =MiningCapacity_Results!I36*0.003*(1-RoE_Demand!H39) -> 1068.1372
... A42: Zirconium | B42: =MiningCapacity_Results!C39*0.003*(1-RoE_Demand!B42) -> 17.072134 | C42: =MiningCapacity_Results!D39*0.003*(1-RoE_Demand!C42) -> 24.166462 | D42: =MiningCapacity_Results!E39*0.003*(1-RoE_Demand!D42) -> 34.208838 | E42: =MiningCapacity_Results!F39*0.003*(1-RoE_Demand!E42) -> 48.424326 | F42: =MiningCapacity_Results!G39*0.003*(1-RoE_Demand!F42) -> 68.547061 | G42: =MiningCapacity_Results!H39*0.003*(1-RoE_Demand!G42) -> 97.031802 | H42: =MiningCapacity_Results!I39*0.003*(1-RoE_Demand!H42) -> 137.35338

Sheet RoE_Demand
A1: Demand from rest of economy [%] | B1: 2020 | C1: 2025 | D1: 2030 | E1: 2035 | F1: 2040 | G1: 2045 | H1: 2050 | K1: Source
A2: Aluminum | B2: 0.75 | C2: 0.75 | D2: 0.75 | E2: 0.75 | F2: 0.75 | G2: 0.75 | H2: 0.75 | K2: IAI | L2: Bieuville | M2: Charpentier-Poncelet
A3: Boron | B3: 0.99 | C3: 0.99 | D3: 0.99 | E3: 0.99 | F3: 0.99 | G3: 0.99 | H3: 0.99 | K3: Charpentier-Poncelet | L3: Bieuville
A4: Cadmium | B4: 0.92 | C4: 0.92 | D4: 0.92 | E4: 0.92 | F4: 0.92 | G4: 0.92 | H4: 0.92 | K4: Charpentier-Poncelet | L4: Bieuville
A5: Chromium | B5: 0.8 | C5: 0.8 | D5: 0.8 | E5: 0.8 | F5: 0.8 | G5: 0.8 | H5: 0.8 | K5: Charpentier-Poncelet | L5: Bieuville
A6: Cobalt | B6: 0.57 | C6: 0.57 | D6: 0.43 | E6: 0.43 | F6: 0.43 | G6: 0.43 | H6: 0.43 | K6: https://www.cobaltinstitute.org/wp-content/uploads/2025/05/Cobalt-Market-Report-2024.pdf
A7: Concrete
A8: Copper | B8: 0.8 | C8: 0.8 | D8: 0.8 | E8: 0.75 | F8: 0.75 | G8: 0.75 | H8: 0.75 | K8: Charpentier-Poncelet | L8: Bieuville | M8: https://www.iea.org/data-and-statistics/data-tools/critical-minerals-data-explorer
A9: Dysprosium | B9: 0.75 | C9: 0.7 | D9: 0.65 | E9: 0.6 | F9: 0.55 | G9: 0.5 | H9: 0.45 | K9: Bieuville | L9: https://www.iea.org/data-and-statistics/data-tools/critical-minerals-data-explorer
A10: Gallium | B10: 0.95 | C10: 0.95 | D10: 0.95 | E10: 0.95 | F10: 0.95 | G10: 0.95 | H10: 0.95 | K10: Charpentier-Poncelet | L10: https://www.iea.org/data-and-statistics/data-tools/critical-minerals-data-explorer
A11: Germanium | B11: 0.93 | C11: 0.93 | D11: 0.93 | E11: 0.93 | F11: 0.93 | G11: 0.93 | H11: 0.93 | K11: Charpentier-Poncelet | L11: https://www.iea.org/data-and-statistics/data-tools/critical-minerals-data-explorer
A12: Glass
A13: Hafnium | B13: 0.95 | C13: 0.95 | D13: 0.95 | E13: 0.95 | F13: 0.95 | G13: 0.95 | H13: 0.95 | K13: Charpentier-Poncelet | L13: https://www.iea.org/data-and-statistics/data-tools/critical-minerals-data-explorer
A14: Indium | B14: 0.9 | C14: 0.9 | D14: 0.9 | E14: 0.9 | F14: 0.9 | G14: 0.9 | H14: 0.9 | K14: Charpentier-Poncelet | L14: https://www.iea.org/data-and-statistics/data-tools/critical-minerals-data-explorer
A15: Irridium | B15: 0.97 | C15: 0.97 | D15: 0.97 | E15: 0.97 | F15: 0.97 | G15: 0.97 | H15: 0.97 | K15: Charpentier-Poncelet
A16: Iron | B16: 0.88 | C16: 0.88 | D16: 0.88 | E16: 0.88 | F16: 0.88 | G16: 0.88 | H16: 0.88 | K16: Charpentier-Poncelet
A17: Lead | B17: 0.95 | C17: 0.95 | D17: 0.95 | E17: 0.95 | F17: 0.95 | G17: 0.95 | H17: 0.95 | K17: Charpentier-Poncelet
A18: Lanthanum | B18: 0.99 | C18: 0.99 | D18: 0.99 | E18: 0.99 | F18: 0.99 | G18: 0.99 | H18: 0.99 | K18: Charpentier-Poncelet
A19: Lithium | B19: 0.4 | C19: 0.4 | D19: 0.22 | E19: 0.2 | F19: 0.2 | G19: 0.15 | H19: 0.15 | K19: https://www.iea.org/data-and-statistics/data-tools/critical-minerals-data-explorer
A20: Magnesium | B20: 0.95 | C20: 0.95 | D20: 0.95 | E20: 0.95 | F20: 0.95 | G20: 0.95 | H20: 0.95 | K20: Charpentier-Poncelet
A21: Manganese | B21: 0.95 | C21: 0.93 | D21: 0.9 | E21: 0.88 | F21: 0.87 | G21: 0.85 | H21: 0.85 | K21: Charpentier-Poncelet + hypothèse
A22: Molybdenum | B22: 0.85 | C22: 0.85 | D22: 0.8 | E22: 0.75 | F22: 0.75 | G22: 0.7 | H22: 0.7 | K22: Charpentier-Poncelet + hypothèse
A23: Neodymium | B23: 0.84 | C23: 0.7 | D23: 0.59 | E23: 0.59 | F23: 0.59 | G23: 0.5 | H23: 0.5 | K23: https://www.iea.org/data-and-statistics/charts/total-neodymium-demand-by-sector-and-scenario-2020-2040
A24: Nickel | B24: 0.9 | C24: 0.84 | D24: 0.7 | E24: 0.65 | F24: 0.62 | G24: 0.62 | H24: 0.62 | K24: https://www.iea.org/data-and-statistics/data-tools/critical-minerals-data-explorer
A25: Niobium | B25: 0.9 | C25: 0.9 | D25: 0.9 | E25: 0.9 | F25: 0.9 | G25: 0.9 | H25: 0.9 | K25: Charpentier-Poncelet
A26: Palladium | B26: 0.25 | C26: 0.25 | D26: 0.3 | E26: 0.4 | F26: 0.5 | G26: 0.6 | H26: 0.65 | K26: Charpentier-Poncelet + hypothèse
A27: Polymers
A28: Praesodymium | B28: 0.84 | C28: 0.7 | D28: 0.59 | E28: 0.59 | F28: 0.59 | G28: 0.5 | H28: 0.5 | K28: same as Nd
A29: Platinum | B29: 0.63 | C29: 0.63 | D29: 0.63 | E29: 0.63 | F29: 0.63 | G29: 0.63 | H29: 0.63 | K29: Charpentier-Poncelet + hypothèse
A30: Selenium | B30: 0.9 | C30: 0.9 | D30: 0.9 | E30: 0.9 | F30: 0.9 | G30: 0.9 | H30: 0.9 | K30: Charpentier-Poncelet + hypothèse | L30: https://www.iea.org/data-and-statistics/data-tools/critical-minerals-data-explorer
A31: Silicon | B31: 0.8 | C31: 0.6 | D31: 0.55 | E31: 0.55 | F31: 0.55 | G31: 0.55 | H31: 0.55 | K31: Charpentier-Poncelet + hypothèse | L31: https://www.iea.org/data-and-statistics/data-tools/critical-minerals-data-explorer
A32: Silver | B32: 0.9 | C32: 0.83 | D32: 0.82 | E32: 0.82 | F32: 0.82 | G32: 0.82 | H32: 0.82 | K32: https://www.silverinstitute.org/all-world-silver-surveys/
A33: Tantalum | B33: 0.99 | C33: 0.99 | D33: 0.99 | E33: 0.99 | F33: 0.99 | G33: 0.99 | H33: 0.99 | K33: Charpentier-Poncelet + hypothèse
A34: Tellurium | B34: 0.6 | C34: 0.5 | D34: 0.4 | E34: 0.4 | F34: 0.4 | G34: 0.4 | H34: 0.4 | K34: Charpentier-Poncelet + hypothèse
A35: Terbium | B35: 0.7 | C35: 0.65 | D35: 0.6 | E35: 0.6 | F35: 0.6 | G35: 0.6 | H35: 0.6 | K35: Charpentier-Poncelet + hypothèse
A36: Titanium | B36: 0.99 | C36: 0.99 | D36: 0.97 | E36: 0.95 | F36: 0.95 | G36: 0.95 | H36: 0.95 | K36: Charpentier-Poncelet + hypothèse
A37: Tin
A38: Tungsten | B38: 0.99 | C38: 0.99 | D38: 0.99 | E38: 0.99 | F38: 0.99 | G38: 0.99 | H38: 0.99 | K38: Charpentier-Poncelet + hypothèse
A39: Vanadium
A40: Yttrium
A41: Zinc
A42: Zirconium | B42: 0.99 | C42: 0.99 | D42: 0.99 | E42: 0.99 | F42: 0.99 | G42: 0.99 | H42: 0.99 | K42: Hypothèse

Sheet MiningCapacity_Calcul
A1: Metal | B1: Production 2020 world | C1: Unit | D1: Mining flow | E1: Ref | F1: Future prod hypothesis | G1: Beta | H1: Years_considered | I1: Reference
A2: Aluminum | B2: 65100000 | C2: t/yr | D2: Mine production | E2: (USGS, 2021) | F2: Beta | G2: 0.06119989 | H2: All years | I2: (Lundaev et al, 2023)
A3: Boron | B3: 3601490 | C3: t/yr | D3: Mine production | E3: (World Mining Data, 2022) | F3: Beta | G3: 0.049716652 | H3: 1990-2022 / covid | I3: (World Mining Data, 2022)
A4: Cadmium | B4: 24000 | C4: t/yr | D4: Refinery production | E4: (USGS, 2021) | F4: By-product content | G4: (By-product Zn) | I4: (International Cadmium Association, 2021)
A5: Chromium | B5: 37000000 | C5: t/yr | D5: Mine production | E5: (USGS, 2021) | F5: Beta | G5: 0.068181818 | H5: 1990-2022 / covid | I5: (Lundaev et al, 2023)
A6: Cobalt | B6: 142000 | C6: t/yr | D6: Refinery production | E6: (USGS, 2021) | F6: Data IEA until 2040, Beta until 2050 | G6: 0.072442121 | H6: All years | I6: (Lundaev et al, 2023)
A7: Copper | B7: 20600000 | C7: t/yr | D7: Refinery production | E7: (USGS, 2021) | F7: Data IEA until 2040, Beta until 2050 | G7: 0.027417577 | H7: All years | I7: (Lundaev et al, 2023)
A8: Dysprosium | B8: 1121.4732 | C8: t/yr | D8: Mine production | E8: (Lundaev et al, 2023) | F8: Beta | G8: 0.052251758 | H8: 1990-2022 / covid | I8: (Charpentier Poncelet et al., 2022)
A9: Gallium | B9: 327 | C9: t/yr | D9: Mine production | E9: (USGS, 2021) | F9: By-product content | G9: (By-product Al) | I9: (Lundaev et al, 2023; Frenzel et al, 2016)
A10: Germanium | B10: 140 | C10: t/yr | D10: Refinery production | E10: (USGS, 2021) | F10: By-product content | G10: (By-product Zn) | I10: (Frenzel et al, 2014)
A11: Hafnium | B11: 75 | C11: t/yr | D11: Mine production | E11: (Charpentier Poncelet et al., 2022) | F11: Beta | G11: 0.071975973 | H11: Hypothesis, same rate than zirconium | I11: (Charpentier Poncelet et al., 2022)
A12: Indium | B12: 960 | C12: t/yr | D12: Refinery production | E12: (USGS, 2021) | F12: By-product content | G12: (By-product Zn, Cu) | H12: 1990-2022 / covid | I12: (Lundaev et al, 2023)
A13: Irridium | B13: 6 | C13: t/yr | D13: Mine production | E13: (Lundaev et al, 2023) | F13: Beta | G13: 0.031 | H13: 1990-2022 / covid | I13: (Lundaev et al, 2023)
A14: Iron | B14: 2470000000 | C14: t/yr | D14: Mine production | E14: (USGS, 2021) | F14: Beta | G14: 0.038306452 | H14: All years | I14: (USGS, sd*)
A15: Lead | B15: 3120000 | C15: t/yr | D15: Mine production | E15: (USGS, 2021) | F15: Beta | G15: 0.016839639 | H15: All years | I15: (USGS, sd*)
A16: Lanthanum | B16: 53682 | C16: t/yr | D16: Mine production | E16: (Lundaev et al, 2023) | F16: Beta | G16: 0.035 | H16: 1990-2022 / covid | I16: (Lundaev et al, 2023)
A17: Lithium | B17: 82500 | C17: t/yr | D17: Mine production | E17: (USGS, 2021) | F17: Data IEA until 2040, Beta until 2050 | G17: 0.049234 | H17: 1990-2022 / covid | I17: (Charpentier Poncelet et al., 2022)
A18: Magnesium | B18: 1000000 | C18: t/yr | D18: Smelter (primary) production | E18: (USGS, 2021) | F18: Beta | G18: 0.056 | H18: 1990-2022 / covid | I18: (USGS, sd*)
A19: Manganese | B19: 18900000 | C19: t/yr | D19: Mine production | E19: (USGS, 2021) | F19: Beta | G19: 0.048605241 | H19: 1990-2022 / covid | I19: (Lundaev et al, 2023)
A20: Molybdenum | B20: 280597 | C20: t/yr | D20: Mine production | E20: (USGS, 2021) | F20: Beta | G20: 0.023971422 | H20: 1990-2022 | I20: (BGS, sd*)
A21: Neodymium | B21: 34074.892 | C21: t/yr | D21: Mine production | E21: (Lundaev et al, 2023) | F21: Beta | G21: 0.056377058 | H21: 1990-2022 / covid | I21: (Lundaev et al, 2023)
A22: Nickel | B22: 2510000 | C22: t/yr | D22: Mine production | E22: (USGS, 2021) | F22: Data IEA until 2040, Beta until 2050 | G22: 0.050632911 | H22: All years | I22: (Lundaev et al, 2023)
A23: Niobium | B23: 66232 | C23: t/yr | D23: Mine production | E23: (USGS, 2021) | F23: Beta | G23: 0.0087401207 | H23: 1990-2022 / covid | I23: (USGS, sd*)
A24: Palladium | B24: 207 | C24: t/yr | D24: Mine production | E24: (Lundaev et al, 2023) | F24: Beta | G24: 0 | H24: 1990-2022 / covid | I24: (Lundaev et al, 2023)
... A26: Platinum | B26: 170 | C26: t/yr | D26: Mine production | E26: (Lundaev et al, 2023) | F26: Beta | G26: 0.012 | H26: 1990-2022 / covid | I26: (Lundaev et al, 2023)
A27: Selenium | B27: 3120 | C27: t/yr | D27: Refinery production | E27: (USGS, 2021) | F27: By-product ratio content | G27: (By-product Cu) | I27: (Stifner et al, 2024)
A28: Silicon | B28: 3000000 | C28: t/yr | D28: Mine production | E28: (USGS, 2021) | F28: Beta | G28: 0.08 | H28: Hypothesis | I28: (Charpentier Poncelet et al., 2022)
A29: Silver | B29: 23500 | C29: t/yr | D29: Mine production | E29: (USGS, 2021) | F29: Beta | G29: 0.023971422 | H29: 1990-2022 / covid | I29: (Lundaev et al, 2023)
A30: Tantalum | B30: 1406 | C30: t/yr | D30: Mine production | E30: (USGS, 2021) | F30: Beta | G30: 0.077284427 | H30: 1990-2022 / covid | I30: (USGS, sd*)
A31: Tellurium | B31: 562 | C31: t/yr | D31: Refinery production | E31: (USGS, 2021) | F31: By-product ratio content | G31: (By-product Cu) | I31: (Kavlak et Graedel, 2013)
A32: Terbium | B32: 313.81338 | C32: t/yr | D32: Mine production | E32: (Lundaev et al, 2023) | F32: Beta | G32: 0.045879838 | H32: 1990-2022 / covid | I32: (Lundaev et al, 2023)
A33: Titanium | B33: 5154336 | C33: t/yr | D33: Mine production | E33: (Lundaev et al, 2023) | F33: Beta | G33: 0.042 | H33: 1990-2022 | I33: (Lundaev et al, 2023)
A34: Tin | B34: 92572 | C34: t/yr | D34: Mine production | E34: (USGS, 2021) | F34: Beta | G34: 0.020930233 | H34: 1990-2022 / covid | I34: Tin association
A35: Tungsten | B35: 341528.24 | C35: t/yr | D35: Mine production | E35: (USGS, 2021) | F35: Beta | G35: 0.0095350723 | H35: 1990-2022 | I35: (BGS, sd*)
A36: Vanadium | B36: 105000 | C36: t/yr | D36: Mine production | E36: (USGS, 2021) | F36: Beta | G36: 0.041543027 | H36: All years | I36: (Lundaev et al, 2023)
A37: Yttrium | B37: 6423.4613 | C37: t/yr | D37: Mine production | E37: (Lundaev et al, 2023) | F37: Beta | G37: 0.045578176 | H37: 1990-2022 / covid | I37: (Lundaev et al, 2023)
A38: Zinc | B38: 12000000 | C38: t/yr | D38: Mine production | E38: (USGS, 2021) | F38: Beta | G38: 0.037037037 | H38: All years | I38: (Lundaev et al, 2023)
A39: Zirconium | B39: 595238.49 | C39: t/yr | D39: Mine production | E39: (Lundaev et al, 2023) | F39: Beta | G39: 0.071975973 | H39: All years | I39: (Lundaev et al, 2023)
A41: Metal [t] | B41: 2020 | C41: 2030 | D41: 2040 | E41: 2050 | F41: Unit | G41: Ref | H41: Method | I41: Hp
A42: Cobalt | B42: 140000 | C42: 360000 | D42: 259000 | E42: 554016.35 | F42: t/yr | G42: (IEA, 2024) | H42: Data IEA for 2030-2040, Beta until 2050 | I42: New mines opening for 2040
A43: Copper | B43: 25000000 | C43: 24300000 | D43: 16600000 | E43: 21529488 | F43: t/yr | G43: (IEA, 2024) | H43: Data IEA for 2030-2040, Beta until 2050 | I43: New mines opening for 2040
A44: Nickel | B44: 2510000 | C44: 5320000 | D44: 5790000 | E44: 9488303.6 | F44: t/yr | G44: (IEA, 2024) | H44: Data IEA for 2030-2040, Beta until 2050 | I44: New mines opening for 2040
A45: Lithium | B45: 82500 | C45: 513289 | D45: 470930 | E45: 761517.54 | F45: t/yr | G45: (IEA, 2024) | H45: Data IEA for 2030-2040, Beta until 2050 | I45: New mines opening for 2040
A47: By-product | B47: By-product flow | C47: Host | D47: Host flow | E47: Hypothesis | F47: Ref
A48: Cadmium | B48: Mine | C48: Zinc | D48: Refined | E48: 0.3% Cd content in Zn ores | F48: (International Cadmium Association, 2021)
A49: Gallium | B49: Mine | C49: Aluminum | D49: Mine | E49: 50 ppm Ga content in bauxite (ICMLR, 2016), 40% Al in Bauxite | F49: (Lundaev et al, 2023; Frenzel et al, 2016; Lu et al. 2017)
A50: Germanium | B50: Refined | C50: Zinc | D50: Mine | E50: 24.70 ppm contained Ge in Zinc | F50: (Frenzel et al, 2014)
A51: Indium | B51: Refined | C51: Zinc, Copper | D51: Mine | E51: 50 ppm et 10 ppm In content in Zn et Cu ores | F51: (Lundaev et al, 2023)
A52: Selenium | B52: Refined | C52: Copper | D52: Refined | E52: 200 to 380 ppm refined recurable Se from Cu (mean value taken) | F52: (Stifner et al, 2024)
A53: Tellurium | B53: Mine | C53: Copper | D53: Mine | E53: 0.05% Te content in copper | F53: (Kavlak et Graedel, 2013)

Sheet Reserves_Resources_RR
A1: Metals | B1: Resources (estimated) | C1: Confidence level | D1: Ref | E1: Reserves (estimated) | F1: Condifence level | G1: Ref | H1: Unit | I1: RR_Refining | J1: RR_Mining_Refining | K1: Unit | L1: Ref
A2: Aluminum | B2: 26000000000 | C2: Medium | D2: (USGS, 2025 ; Lundaev et al., 2023) | E2: >12000000000 | F2: Medium | G2: (USGS, 2025) | H2: t | I2: 0.90813874 | J2: 0.79852328 | K2: % | L2: (Charpentier-Poncelet, 2022)
A3: Bauxite | B3: 65000000000 | C3: Medium | D3: (USGS, 2025) | E3: 29000000000 | F3: Medium | G3: (USGS, 2025) | H3: t
A4: Boron | B4: Resources estimated sufficient | C4: Medium | D4: (USGS, 2025) | E4: =#N/A -> #N/A | H4: t | I4: 0.9612 | J4: 0.7458912 | K4: % | L4: (Charpentier-Poncelet, 2022)
A5: Cadmium | B5: 5700000 | C5: Low | D5: (Lundaev et al., 2023) | E5: 690000 | F5: Low | G5: (Lundaev et al., 2023) | H5: t | I5: 0.99790607 | J5: 0.76116259 | K5: % | L5: (Charpentier-Poncelet, 2022)
A6: Chromium | B6: 12000000000 | C6: Medium | D6: (USGS, 2025) | E6: 1200000000 | F6: Medium | G6: (USGS, 2025) | H6: t | I6: 0.8921792 | J6: 0.67042368 | K6: % | L6: (Charpentier-Poncelet, 2022)
A7: Cobalt | B7: 25000000 | C7: Medium | D7: (USGS, 2025) | E7: 11000000 | F7: Medium | G7: (USGS, 2025) | H7: t | I7: 0.97064956 | J7: 0.42645155 | K7: % | L7: (Charpentier-Poncelet, 2022)
A8: Copper | B8: 1500000000 | C8: Medium | D8: (USGS, 2025) | E8: 980000000 | F8: Medium | G8: (USGS, 2025) | H8: t | I8: 0.97751656 | J8: 0.8159778 | K8: % | L8: (Charpentier-Poncelet, 2022)
A9: Dysprosium | B9: 4009000 | C9: Low | D9: (Lundaev et al., 2023) | E9: 544000 | F9: Low | G9: (Lundaev et al., 2023) | H9: t | I9: 0.8344547 | J9: 0.55256021 | K9: % | L9: (Charpentier-Poncelet, 2022)
A10: Gallium | B10: 13845000 | C10: Low | D10: (Lundaev et al., 2023) | E10: 1300000 | F10: Low | G10: (USGS, 2025 ; Lundaev et al., 2023) | H10: t | I10: 0.95 | J10: 0.5985 | K10: % | L10: (Nassar & al., 2022)
A11: Germanium | B11: =#N/A -> #N/A | E11: 36000 | F11: Low | G11: (Lundaev et al., 2023) | H11: t | I11: 1 | J11: 0.0065774805 | K11: % | L11: (Charpentier-Poncelet, 2022)
A12: Hafnium | B12: =#N/A -> #N/A | E12: =#N/A -> #N/A | H12: t | I12: 0.99986413 | J12: 0.0027170221 | K12: % | L12: (Charpentier-Poncelet, 2022)
A13: Indium | B13: 356000 | C13: Low | D13: (Lundaev et al., 2023) | E13: 21000 | F13: Low | G13: (Lundaev et al., 2023) | H13: t | I13: 0.83275227 | J13: 0.24982568 | K13: % | L13: (Charpentier-Poncelet, 2022)
A14: Iridium | B14: 2024 | C14: Low | D14: (Lundaev et al., 2023) | E14: 1651 | F14: Low | G14: (Lundaev et al., 2023) | H14: t | I14: 1 | J14: 0.5758 | K14: % | L14: (Charpentier-Poncelet, 2022)
A15: Iron | B15: 230000000000 | C15: Medium | D15: (USGS, 2025) | E15: 88000000000 | F15: Medium | G15: (USGS, 2025) | H15: t | I15: 1 | J15: 0.87408949 | K15: % | L15: (Charpentier-Poncelet, 2022)
A16: Lead | B16: 2000000000 | C16: Medium | D16: (USGS, 2025) | E16: 96000000 | F16: Medium | G16: (USGS, 2025) | H16: t | I16: 0.95739698 | J16: 0.85404163 | K16: % | L16: (Charpentier-Poncelet, 2022)
A17: Lanthanum | B17: 139804561 | C17: Low | D17: (Lundaev et al., 2023) | E17: 25324596 | F17: Low | G17: (Lundaev et al., 2023) | H17: t | I17: 0.914 | J17: 0.5485 | K17: % | L17: (Charpentier-Poncelet, 2022)
A18: Lithium | B18: 115000000 | C18: Medium | D18: (USGS, 2025) | E18: 30000000 | F18: Medium | G18: (USGS, 2025) | H18: t | I18: 0.59 | J18: 0.59 | K18: % | L18: (Nassar & al., 2022)
A19: Magnesium | B19: Resources estimated sufficient | C19: Medium | D19: (USGS, 2025) | E19: #N/A | H19: t | I19: 0.9408 | J19: 0.639 | K19: % | L19: (Charpentier-Poncelet, 2022)
A20: Manganese | B20: 17273000000 | C20: Low | D20: (Lundaev et al., 2023) | E20: 1700000000 | F20: Medium | G20: (USGS, 2025) | H20: t | I20: 0.96428115 | J20: 0.6749968 | K20: % | L20: (Charpentier-Poncelet, 2022)
A21: Molybdenum | B21: 25400000 | C21: Medium | D21: (USGS, 2025) | E21: 15000000 | F21: Medium | G21: (USGS, 2025) | H21: t | I21: 1 | J21: 0.6 | K21: % | L21: (Charpentier-Poncelet, 2022)
A22: Neodymium | B22: 62433000 | C22: Low | D22: (Lundaev et al., 2023) | E22: 16070000 | F22: Low | G22: (Lundaev et al., 2023) | H22: t | I22: 0.96546213 | J22: 0.57787148 | K22: % | L22: (Charpentier-Poncelet, 2022)
A23: Nickel | B23: 350000000 | C23: Medium | D23: (USGS, 2025) | E23: >130000000 | F23: Medium | G23: (USGS, 2025) | H23: t | I23: 0.94463836 | J23: 0.74395466 | K23: % | L23: (Charpentier-Poncelet, 2022)
A24: Niobium | B24: Resources estimated sufficient | C24: Medium | D24: (USGS, 2025) | E24: >17000000 | F24: Medium | G24: (USGS, 2025) | H24: t | I24: 0.92237314 | J24: 0.65488493 | K24: % | L24: (Charpentier-Poncelet, 2022)
A25: Palladium | B25: 40823 | C25: Low | D25: (Lundaev et al., 2023) | E25: 24104 | F25: Low | G25: (Lundaev et al., 2023) | H25: t | I25: 0.9981 | J25: 0.6779 | K25: % | L25: (Charpentier-Poncelet, 2022)
A26: Praesodymium | B26: 19847000 | C26: Low | D26: (Lundaev et al., 2023) | E26: 4718000 | F26: Low | G26: (Lundaev et al., 2023) | H26: t | I26: 0.9029112 | J26: 0.53761582 | K26: % | L26: (Charpentier-Poncelet, 2022)
A27: Platinum | B27: 42102 | C27: Low | D27: (Lundaev et al., 2023) | E27: 31071 | F27: Low | G27: (Lundaev et al., 2023) | H27: t | I27: 1 | J27: 0.6819 | K27: % | L27: (Charpentier-Poncelet, 2022)
A28: Selenium | B28: 171000 | C28: Low | D28: (Watari et al., 2018; USGS, 2017) | E28: 92000 | F28: Medium | G28: (USGS, 2025) | H28: t | I28: 0.99453178 | J28: 0.044752081 | K28: % | L28: (Charpentier-Poncelet, 2022)
A29: Silicon | B29: Resources estimated sufficient | C29: Medium | D29: (USGS, 2025) | E29: =#N/A -> #N/A | H29: t | I29: 0.92 | J29: 0.736 | K29: % | L29: (Charpentier-Poncelet, 2022)
A30: Silver | B30: 1200000 | C30: Low | D30: (Lundaev et al., 2023) | E30: 640000 | F30: Medium | G30: (USGS, 2025) | H30: t | I30: 1 | J30: 0.8425656 | K30: % | L30: (Charpentier-Poncelet, 2022)
A31: Tantalum | B31: Resources estimated sufficient | C31: Medium | D31: (USGS, 2025) | E31: =#N/A -> #N/A | H31: t | I31: 0.99805573 | J31: 0.67785018 | K31: % | L31: (Charpentier-Poncelet, 2022)
A32: Tellurium | B32: 48000 | C32: Low | D32: (Watari et al., 2018; USGS, 2017) | E32: 35000 | F32: Medium | G32: (USGS, 2025) | H32: t | I32: 0.98995007 | J32: 0.044552208 | K32: % | L32: (Charpentier-Poncelet, 2022)
A33: Terbium | B33: 827000 | C33: Low | D33: (Lundaev et al., 2023) | E33: 102000 | F33: Medium | G33: (USGS, 2025) | H33: t | I33: 0.86502679 | J33: 0.55889274 | K33: % | L33: (Charpentier-Poncelet, 2022)
A34: Titanium | B34: 599341397 | C34: Low | D34: (Lundaev et al., 2023) | E34: 449506048 | F34: Low | G34: (Lundaev et al., 2023) | H34: t | I34: 0.9557 | J34: 0.8171 | K34: % | L34: (Charpentier-Poncelet, 2022)
A35: Tin | B35: =#N/A -> #N/A | E35: >4200000 | F35: Medium | G35: (USGS, 2025) | H35: t | I35: 0.99243162 | J35: 0.87567496 | K35: % | L35: (Charpentier-Poncelet, 2022)
A36: Tungsten | B36: =#N/A -> #N/A | E36: 4600000 | F36: Medium | G36: (USGS, 2025) | H36: t | I36: 0.89027747 | J36: 0.29264545 | K36: % | L36: (Charpentier-Poncelet, 2022)
A37: Vanadium | B37: >63000000 | C37: Medium | D37: (USGS, 2025) | E37: 18000000 | F37: Medium | G37: (USGS, 2025) | H37: t | I37: 1 | J37: 0.88571429 | K37: % | L37: (Charpentier-Poncelet, 2022)
A38: Yttrium | B38: 32329000 | C38: Low | D38: (Lundaev et al., 2023) | E38: 3120000 | F38: Low | G38: (Lundaev et al., 2023) | H38: t | I38: 0.8928297 | J38: 0.59290686 | K38: % | L38: (Charpentier-Poncelet, 2022)
A39: Zinc | B39: 1900000000 | C39: Medium | D39: (USGS, 2025) | E39: 230000000 | F39: Medium | G39: (USGS, 2025) | H39: t | I39: 0.97568273 | J39: 0.81742856 | K39: % | L39: (Charpentier-Poncelet, 2022)
A40: Zirconium | B40: =#N/A -> #N/A | E40: >70000000 | F40: Medium | G40: (USGS, 2025) | H40: t | I40: 0.95603887 | J40: 0.81741323 | K40: % | L40: (Charpentier-Poncelet, 2022)

Sheet MiningCapacity_Results
A1: Metal | B1: Production | C1: 2020 | D1: 2025 | E1: 2030 | F1: 2035 | G1: 2040 | H1: 2045 | I1: 2050 | J1: Unit
A2: Aluminum | B2: Primary_Production | C2: 59119832 | D2: 79564470 | E2: 1.0707921e+08 | F2: 1.4410901e+08 | G2: 1.9394434e+08 | H2: 2.6101358e+08 | I2: 3.5127649e+08 | J2: t/yr
A3: Boron | B3: Primary_Production | C3: 3461752.2 | D3: 4412212.4 | E3: 5623631.3 | F3: 7167658 | G3: 9135613.3 | H3: 11643891 | I3: 14840843 | J3: t/yr
A4: Cadmium | B4: Primary_Production | C4: 2673.5515 | D4: 3206.7115 | E4: 3846.1944 | F4: 4613.203 | G4: 5533.1685 | H4: 6636.5938 | I4: 7960.0642 | J4: t/yr
A5: Chromium | B5: Primary_Production | C5: 33010630 | D5: 45907086 | E5: 63841875 | F5: 88783352 | G5: 1.2346886e+08 | H5: 1.7170516e+08 | I5: 2.3878622e+08 | J5: t/yr
A6: Cobalt | B6: Primary_Production | C6: 142000 | D6: 251000 | E6: 360000 | F6: 309500 | G6: 259000 | H6: 378801.05 | I6: 554016.35 | J6: t/yr
A7: Copper | B7: Primary_Production | C7: 20600000 | D7: 22450000 | E7: 24300000 | F7: 20450000 | G7: 16600000 | H7: 18904748 | I7: 21529488 | J7: t/yr
A8: Dysprosium | B8: Primary_Production | C8: 1128.6423 | D8: 1455.9774 | E8: 1878.248 | F8: 2422.9879 | G8: 3125.7162 | H8: 4032.2536 | I8: 5201.71 | J8: t/yr
A9: Gallium | B9: Primary_Production | C9: 779.247 | D9: 1048.7238 | E9: 1411.3902 | F9: 1899.4728 | G9: 2556.3426 | H9: 3440.3691 | I9: 4630.107 | J9: t/yr
A10: Germanium | B10: Primary_Production | C10: 296.4 | D10: 355.50813 | E10: 426.40361 | F10: 511.43707 | G10: 613.42793 | H10: 735.75781 | I10: 882.48273 | J10: t/yr
A11: Hafnium | B11: Primary_Production | C11: 74.98981 | D11: 106.15184 | E11: 150.26325 | F11: 212.70516 | G11: 301.09482 | H11: 426.21481 | I11: 603.32844 | J11: t/yr
A12: Indium | B12: Primary_Production | C12: 806 | D12: 944.2294 | E12: 1106.1652 | F12: 1247.8829 | G12: 1407.7569 | H12: 1678.6611 | I12: 2001.6972 | J12: t/yr
A13: Irridium | B13: Primary_Production | C13: 6 | D13: 6.9894753 | E13: 8.1421276 | F13: 9.4848667 | G13: 11.04904 | H13: 12.871166 | I13: 14.993783 | J13: t/yr
... A39: Zirconium | B39: Primary_Production | C39: 569071.13 | D39: 805548.72 | E39: 1140294.6 | F39: 1614144.2 | G39: 2284902 | H39: 3234393.4 | I39: 4578446 | J39: t/yr

Sheet Ref&Hp
A1: Spreadsheet_name | B1: Data | C1: Ref | E1: Hypothesis
A2: MiningCapacity_Calcul | B2: Prod Beta | C2: (Lundaev et al, 2023) | D2: Lundaev, V., Solomon, A. A., Le, T., Lohrmann, A., & Breyer, C. (2023). Review of critical materials for the energy transition, an analysis of global resources and production databases and the state of material circularity. Minerals Engineering, 203, 108282. https://doi.org/10.1016/j.mineng.2023.108282 | E2: Beta = median of the annual growth rate of historical production. Window "1990-2022 / covid" excludes the 2019 and 2020 growth years. For metals added in this version: Iridium, Palladium, Platinum (Lundaev series 1920-2020, PGE production split by element), Lanthanum (Lundaev series 1975-2020), Titanium (Lundaev series, Ti content of mineral concentrates, beta 1990-2022 = 4.2%).
C3: (USGS, 2021) | D3: U.S. Geological Survey, 2021, Mineral commodity summaries 2021: U.S. Geological Survey, 200 p., https://doi.org/10.3133/mcs2021.
C4: (USGS, sd*) | D4: Historical Statistics for Mineral and Material Commodities in the United States | U.S. Geological Survey. (s. d.). Consulté 30 mai 2024, à l’adresse https://www.usgs.gov/centers/national-minerals-information-center/historical-statistics-mineral-and-material-commodities
C5: (BGS, sd*) | D5: World mineral statistics data | Statistics & Commodities | MineralsUK. (s. d.). Consulté 30 mai 2024, à l’adresse https://www2.bgs.ac.uk/mineralsuk/statistics/wms.cfc?method=searchWMS
C6: (World Mining Data, 2022) | D6: Köstinger, E. (2022). World Mining Data 2022.
C7: (International Tin Association, 2018) | D7: International Tin Association. (2018). Tin for the future: Introduction to the tin market and the International Tin Association. https://www.internationaltin.org/reports/tin-for-the-future/
C8: (USGS Minerals Yearbook, magnesium) | D8: U.S. Geological Survey. Minerals Yearbook, Magnesium (metal), annual volumes 1995, 2000, 2005, 2010, 2015 and 2020 (Table "World primary production, by country"); Mineral Commodity Summaries 2021 and 2023, Magnesium metal. https://www.usgs.gov/centers/national-minerals-information-center/magnesium-statistics-and-information | E8: Magnesium: world primary (smelter) production 1991-2022, world total excluding the United States (data withheld by USGS). Beta 1990-2022 / covid = 5.7%; production has been flat around 1 Mt/yr since 2014, so this beta is an upper-bound trend.
B9: Prod IEA | C9: (IEA, 2024) | D9: Global Critical Minerals Outlook 2024. (2024). | E9: Data IEA for 2030 and 2040 (base case mining capacity); beta applied from 2040 to 2050 (new mines opening).
B10: Prod by-product | C10: (International Cadmium Association, 2021) | D10: International Cadmium Association. (2021, January). Report on worldwide cadmium production and trade 2020. International Cadmium Association. https://www.cadmium.org/wp-content/uploads/2021/11/icda-report-on-worldwide-cadmium-production-and-trade-2020.pdf
C11: (Lu and al., 2017) | D11: Lu, F., Xiao, T., Lin, J., Ning,Z., Long, Q., Xiao, L., Huang,F., Wang, W., Xiao, Q., Lan, X., Chen, H., 2017. Resources and extraction of gallium: A review. Hydrometall. 174, 105–115. https://doi.org/10.1016/j.hydromet.2017.10.010.
C12: (Frenzel and al., 2014) | D12: Frenzel, M., Ketris, M. P., & Gutzmer, J. (2014). On the geological availability of germanium. Mineralium Deposita, 49(4), 471‑486. https://doi.org/10.1007/s00126-013-0506-z
C13: (Frenzel et al, 2016) | D13: Frenzel, M., Ketris, M. P., Seifert, T., & Gutzmer, J. (2016). On the current and future availability of gallium. Resources Policy, 47, 38‑50. https://doi.org/10.1016/j.resourpol.2015.11.005
C14: (Lundaev and al., 2023) | D14: Lundaev, V., Solomon, A. A., Le, T., Lohrmann, A., & Breyer, C. (2023). Review of critical materials for the energy transition, an analysis of global resources and production databases and the state of material circularity. Minerals Engineering, 203, 108282. https://doi.org/10.1016/j.mineng.2023.108282
C15: (Stifner and al., 2024) | D15: Stiftner, R., Weber, L., & Rechberger, H. (2024). Methodology for a better estimation of the reserves and resources of minor metals exemplified by selenium in different copper deposit types. Mineral Economics, 37(3), 413‑432. https://doi.org/10.1007/s13563-023-00384-0
C16: (Kavlak and Graedel, 2013) | D16: Kavlak, G., & Graedel, T. E. (2013). Global anthropogenic tellurium cycles for 1940–2010. Resources, Conservation and Recycling, 76, 21‑26. https://doi.org/10.1016/j.resconrec.2013.04.007
A17: Reserves_Resources_RR | B17: Reserves_Resources | C17: (USGS, 2025) | D17: U.S. Geological Survey, 2025, Mineral commodity summaries 2025 (ver. 1.2, March 2025): U.S. Geological Survey, 212 p., https://doi.org/10.3133/mcs2025 | E17: Individual PGE (Ir, Pd, Pt) reserves and resources are taken from Lundaev et al. (2023), who split USGS PGM totals by element; USGS 2025 only reports PGM as a group (~71 kt reserves, >100 kt resources). Titanium reserves and resources are in Ti content (Lundaev), consistent with the production flow. Magnesium: USGS states reserves are sufficient and resources virtually unlimited.
C18: (Lundaev et al., 2023) | D18: Lundaev, V., Solomon, A. A., Le, T., Lohrmann, A., & Breyer, C. (2023). Review of critical materials for the energy transition, an analysis of global resources and production databases and the state of material circularity. Minerals Engineering, 203, 108282. https://doi.org/10.1016/j.mineng.2023.108282
C19: (Watari et al., 2018) | D19: Watari, T., McLellan, B., Ogata, S., & Tezuka, T. (2018). Analysis of Potential for Critical Metal Resource Constraints in the International Energy Agency’s Long-Term Low-Carbon Energy Scenarios. Minerals, 8(4), 156. https://doi.org/10.3390/min8040156
C20: (Mineral Commodity Summaries 2023, 2023) | D20: (Mineral Commodity Summaries 2023, 2023)
C21: (USGS, 2017) | D21: U.S. Geological Survey (USGS). Historical Statistics for Mineral and Material Commodities in the United States. Available online: https://minerals.usgs.gov/minerals/pubs/historical-statistics/ (accessed on 1 October 2017)
B22: Recovery_rates | C22: (Charpentier-Poncelet, 2022) | D22: Charpentier Poncelet, A., Helbig, C., Loubet, P., Beylot, A., Muller, S., Villeneuve, J., Laratte, B., Thorenz, A., Tuma, A., & Sonnemann, G. (2022). Losses and lifetimes of metals in the economy. Nature Sustainability, 5(8), 717‑726. https://doi.org/10.1038/s41893-022-00895-8 | E22: RR_Refining = 1 − share of cumulative losses in the fabrication phase (Supplementary Data 3, sheet 7 "LossShare per Phase"). RR_Mining_Refining = production yield (sheet 1 "Process yields") × RR_Refining. Exceptions kept from the original file: Lithium (0.59 for both) and Tungsten (0.89 RR_Refining).
C23: (Nassar & al., 2022) | D23: Nassar, N. T., Lederer, G. W., Brainard, J. L., Padilla, A. J., & Lessard, J. D. (2022). Rock-to-Metal Ratio : A Foundational Metric for Understanding Mine Wastes. Environmental Science & Technology, 56(10), 6710‑6721. https://doi.org/10.1021/acs.est.1c07875
A24: Fig 2. MiningCapacity_Results / Material_limits | B24: Primary_Production | C24: / | D24: / | E24: Primary_Production(t) = Production 2020 × (1 + beta)^(t − 2020) × RR_Refining, t = 2020, 2030, 2040, 2050. Co, Cu, Ni, Li: IEA values for 2030 and 2040. By-products: ratio to host × host production (Calcul_Prod). Material_limits = Primary_Production / 1000 (kt/yr), with 2025, 2035, 2045 as linear midpoints between decades.

Sheet Calcul_Prod
C1: Annual historical production [t] | DJ1: Annual growth | HP1: Mean value | HS1: Median value | HW1: Metal | HX1: Beta | HY1: Years_considered
A2: Ref | B2: Metal | C2: 1913 | D2: 1914 | E2: 1915 | F2: 1916 | G2: 1917 | H2: 1918 | I2: 1919 | J2: 1920 | K2: 1921 | L2: 1922 | M2: 1923 | N2: 1924 | O2: 1925 | P2: 1926 | Q2: 1927 | R2: 1928 | S2: 1929 | T2: 1930 | U2: 1931 | V2: 1932 | W2: 1933 | X2: 1934 | Y2: 1935 | Z2: 1936 | AA2: 1937 | AB2: 1938 | AC2: 1939 | AD2: 1940 | AE2: 1941 | AF2: 1942 | AG2: 1943 | AH2: 1944 | AI2: 1945 | AJ2: 1946 | AK2: 1947 | AL2: 1948 | AM2: 1949 | AN2: 1950 | AO2: 1951 | AP2: 1952 | AQ2: 1953 | AR2: 1954 | AS2: 1955 | AT2: 1956 | AU2: 1957 | AV2: 1958 | AW2: 1959 | AX2: 1960 | AY2: 1961 | AZ2: 1962 | BA2: 1963 | BB2: 1964 | BC2: 1965 | BD2: 1966 | BE2: 1967 | BF2: 1968 | BG2: 1969 | BH2: 1970 | BI2: 1971 | BJ2: 1972 | BK2: 1973 | BL2: 1974 | BM2: 1975 | BN2: 1976 | BO2: 1977 | BP2: 1978 | BQ2: 1979 | BR2: 1980 | BS2: 1981 | BT2: 1982 | BU2: 1983 | BV2: 1984 | BW2: 1985 | BX2: 1986 | BY2: 1987 | BZ2: 1988 | CA2: 1989 | CB2: 1990 | CC2: 1991 | CD2: 1992 | CE2: 1993 | CF2: 1994 | CG2: 1995 | CH2: 1996 | CI2: 1997 | CJ2: 1998 | CK2: 1999 | CL2: 2000 | CM2: 2001 | CN2: 2002 | CO2: 2003 | CP2: 2004 | CQ2: 2005 | CR2: 2006 | CS2: 2007 | CT2: 2008 | CU2: 2009 | CV2: 2010 | CW2: 2011 | CX2: 2012 | CY2: 2013 | CZ2: 2014 | DA2: 2015 | DB2: 2016 | DC2: 2017 | DD2: 2018 | DE2: 2019 | DF2: 2020 | DG2: 2021 | DH2: 2022 | DJ2: 1913 | DK2: 1914 | DL2: 1915 | DM2: 1916 | DN2: 1917 | DO2: 1918 | DP2: 1919 | DQ2: 1920 | DR2: 1921 | DS2: 1922 | DT2: 1923 | DU2: 1924 | DV2: 1925 | DW2: 1926 | DX2: 1927 | DY2: 1928 | DZ2: 1929 | EA2: 1930 | EB2: 1931 | EC2: 1932 | ED2: 1933 | EE2: 1934 | EF2: 1935 | EG2: 1936 | EH2: 1937 | EI2: 1938 | EJ2: 1939 | EK2: 1940 | EL2: 1941 | EM2: 1942 | EN2: 1943 | EO2: 1944 | EP2: 1945 | EQ2: 1946 | ER2: 1947 | ES2: 1948 | ET2: 1949 | EU2: 1950 | EV2: 1951 | EW2: 1952 | EX2: 1953 | EY2: 1954 | EZ2: 1955 | FA2: 1956 | FB2: 1957 | FC2: 1958 | FD2: 1959 | FE2: 1960 | FF2: 1961 | FG2: 1962 | FH2: 1963 | FI2: 1964 | FJ2: 1965 | FK2: 1966 | FL2: 1967 | FM2: 1968 | FN2: 1969 | FO2: 1970 | FP2: 1971 | FQ2: 1972 | FR2: 1973 | FS2: 1974 | FT2: 1975 | FU2: 1976 | FV2: 1977 | FW2: 1978 | FX2: 1979 | FY2: 1980 | FZ2: 1981 | GA2: 1982 | GB2: 1983 | GC2: 1984 | GD2: 1985 | GE2: 1986 | GF2: 1987 | GG2: 1988 | GH2: 1989 | GI2: 1990 | GJ2: 1991 | GK2: 1992 | GL2: 1993 | GM2: 1994 | GN2: 1995 | GO2: 1996 | GP2: 1997 | GQ2: 1998 | GR2: 1999 | GS2: 2000 | GT2: 2001 | GU2: 2002 | GV2: 2003 | GW2: 2004 | GX2: 2005 | GY2: 2006 | GZ2: 2007 | HA2: 2008 | HB2: 2009 | HC2: 2010 | HD2: 2011 | HE2: 2012 | HF2: 2013 | HG2: 2014 | HH2: 2015 | HI2: 2016 | HJ2: 2017 | HK2: 2018 | HL2: 2019 | HM2: 2020 | HN2: 2021 | HP2: All years | HQ2: 1990-2022 | HR2: 1990-2022 / covid | HS2: All years | HT2: 1990-2022 | HU2: 1990-2022 / covid
A3: (Lundaev et al, 2023) | B3: Aluminum | C3: 80240.16 | D3: 98700 | E3: 93306.08 | F3: 135133.6 | G3: 176509.76 | H3: 190078.56 | I3: 164640 | J3: 123200 | K3: 81760 | L3: 126560 | M3: 180320 | N3: 185920 | O3: 203840 | P3: 232960 | Q3: 245280 | R3: 267680 | S3: 299040 | T3: 293440 | U3: 243040 | V3: 168000 | W3: 156800 | X3: 187040 | Y3: 285600 | Z3: 392000 | AA3: 554400 | AB3: 647360 | AC3: 757120 | AD3: 865760 | AE3: 1127840 | AF3: 1544480 | AG3: 2160480 | AH3: 1884960 | AI3: 963200 | AJ3: 851200 | AK3: 1198400 | AL3: 1388800 | AM3: 1438080 | AN3: 1643040 | AO3: 1994720 | AP3: 2271360 | AQ3: 2714880 | AR3: 3050880 | AS3: 3472000 | AT3: 3696000 | AU3: 3696000 | AV3: 3920000 | AW3: 4480000 | AX3: 5040000 | AY3: 5152000 | AZ3: 5600000 | BA3: 6048000 | BB3: 6496000 | BC3: 6944000 | BD3: 7504000 | BE3: 8176000 | BF3: 8624000 | BG3: 9632000 | BH3: 9600000 | BI3: 10300000 | BJ3: 10800000 | BK3: 11800000 | BL3: 12700000 | BM3: 12700000 | BN3: 13100000 | BO3: 14200000 | BP3: 14700000 | BQ3: 15200000 | BR3: 16100000 | BS3: 15700000 | BT3: 13900000 | BU3: 14300000 | BV3: 15900000 | BW3: 15600000 | BX3: 15400000 | BY3: 16500000 | BZ3: 17500000 | CA3: 18000000 | CB3: 19300000 | CC3: 19600000 | CD3: 19500000 | CE3: 19700000 | CF3: 19100000 | CG3: 19400000 | CH3: 20700000 | CI3: 21400000 | CJ3: 22100000 | CK3: 23100000 | CL3: 24000000 | CM3: 24400000 | CN3: 25900000 | CO3: 27700000 | CP3: 29800000 | CQ3: 31900000 | CR3: 33700000 | CS3: 38000000 | CT3: 39000000 | CU3: 37300000 | CV3: 40800000 | CW3: 44400000 | CX3: 45900000 | CY3: 47600000 | CZ3: 50500000 | DA3: 57500000 | DB3: 58900000 | DC3: 59400000 | DD3: 63600000 | DE3: 63200000 | DF3: 65100000 | DG3: 68000000 | DK3: =(D3-C3)/C3 -> 0.23005737 | DL3: =(E3-D3)/D3 -> -0.054649645 | DM3: =(F3-E3)/E3 -> 0.4482829 | DN3: =(G3-F3)/F3 -> 0.30618706 | DO3: =(H3-G3)/G3 -> 0.076872803 | DP3: =(I3-H3)/H3 -> -0.13383182 | DQ3: =(J3-I3)/I3 -> -0.25170068 | DR3: =(K3-J3)/J3 -> -0.33636364 | ... HN3: =(DG3-DF3)/DF3 -> 0.044546851 | HP3: =AVERAGE(DK3:HN3) -> 0.076040402 | HQ3: =AVERAGE(GI3:HN3) -> 0.043152543 | HR3: =AVERAGE(GI3:HK3,HN3) -> 0.045236913 | HS3: =MEDIAN($DK3:$HN3) -> 0.062995769 | HT3: =MEDIAN($GI3:$HN3) -> 0.037999038 | HU3: =MEDIAN($GI3:$HK3,$HN3) -> 0.041753945 | HW3: Aluminium | HX3: 0.06119989 | HY3: All years
A4: (World Mining Data, 2022) | B4: Boron | DA4: 4754430 | DB4: 4077557 | DC4: 4228732 | DD4: 4492429 | DE4: 4164758 | DF4: 3601490 | DG4: 4922770 | DH4: 5346091 | HI4: =(DB4-DA4)/DA4 -> -0.1423668 | HJ4: =(DC4-DB4)/DB4 -> 0.037074896 | HK4: =(DD4-DC4)/DC4 -> 0.062358409 | HL4: =(DE4-DD4)/DD4 -> -0.072938493 | HM4: =(DF4-DE4)/DE4 -> -0.13524627 | HN4: =(DG4-DF4)/DF4 -> 0.36687038 | HP4: =AVERAGE(DK4:HN4) -> 0.019292019 | HQ4: =AVERAGE(GI4:HN4) -> 0.019292019 | HR4: =AVERAGE(GI4:HK4,HN4) -> 0.08098422 | HS4: =MEDIAN($DK4:$HN4) -> -0.017931799 | HT4: =MEDIAN($GI4:$HN4) -> -0.017931799 | HU4: =MEDIAN($GI4:$HK4,$HN4) -> 0.049716652 | HW4: Boron | HX4: 0.049716652 | HY4: 1990-2022 / covid
A5: (Lundaev et al, 2023) | B5: Cadmium | M5: 165.6168 | N5: 346 | O5: 346 | P5: 527.292 | Q5: 1544 | R5: 1544 | S5: 2560.3882 | T5: 1654 | U5: 1654 | V5: 748.356 | W5: 4309 | X5: 4309 | Y5: 3560.8817 | Z5: 3789 | AA5: 4017.6026 | AB5: 4664 | AC5: 4664 | AD5: 5310.4918 | AE5: 5885.7837 | AF5: 5011.4711 | AG5: 5490 | AH5: 5968.7035 | AI5: 5735.5675 | AJ5: 5966 | AK5: 5966 | AL5: 6196.4991 | AM5: 6697.7522 | AN5: 5811.2 | AO5: 5811.2 | AP5: 6083.6 | AQ5: 6991.6 | AR5: 6900.8 | AS5: 9296 | AT5: 10080 | AU5: 10640 | AV5: 10080 | AW5: 10080 | AX5: 12320 | AY5: 13440 | AZ5: 13440 | BA5: 13440 | BB5: 14560 | BC5: 14560 | BD5: 14560 | BE5: 16800 | BF5: 16800 | BG5: 19040 | BH5: 19000 | BI5: 18000 | BJ5: 19000 | BK5: 20000 | BL5: 19000 | BM5: 15700 | BN5: 17000 | BO5: 18300 | BP5: 17400 | BQ5: 18200 | BR5: 18200 | BS5: 17200 | BT5: 16500 | BU5: 17200 | BV5: 19200 | BW5: 19400 | BX5: 19300 | BY5: 19300 | BZ5: 21900 | CA5: 21300 | CB5: 20000 | CC5: 20500 | CD5: 20200 | CE5: 18900 | CF5: 18100 | CG5: 18500 | CH5: 18900 | CI5: 20000 | CJ5: 19600 | CK5: 19100 | CL5: 19700 | CM5: 18200 | CN5: 15800 | CO5: 16900 | CP5: 18800 | CQ5: 19400 | CR5: 19300 | CS5: 20400 | CT5: 19600 | CU5: 18800 | CV5: 21100 | CW5: 22200 | CX5: 20900 | CY5: 22200 | CZ5: 24200 | DA5: 23200 | DB5: 23900 | DC5: 25400 | DD5: 25100 | DE5: 24400 | DF5: 24000 | DG5: 24000 | DU5: =(N5-M5)/M5 -> 1.08916 | DV5: =(O5-N5)/N5 -> 0 | DW5: =(P5-O5)/O5 -> 0.52396532 | DX5: =(Q5-P5)/P5 -> 1.9281688 | DY5: =(R5-Q5)/Q5 -> 0 | DZ5: =(S5-R5)/R5 -> 0.65828249 | EA5: =(T5-S5)/S5 -> -0.3540042 | EB5: =(U5-T5)/T5 -> 0 | ... HN5: =(DG5-DF5)/DF5 -> 0 | HP5: =AVERAGE(DK5:HN5) -> 0.10277126 | HQ5: =AVERAGE(GI5:HN5) -> 0.0053736701 | HR5: =AVERAGE(GI5:HK5,HN5) -> 0.0072079777 | HS5: =MEDIAN($DK5:$HN5) -> 0.0052083333 | HT5: =MEDIAN($GI5:$HN5) -> -0.0025773196 | HU5: =MEDIAN($GI5:$HK5,$HN5) -> 0.010810811 | HW5: Cadmium | HX5: (by-product Zn)
A6: (Lundaev et al, 2023) | B6: Chromium | C6: 130304.16 | D6: 145083.68 | E6: 187756.8 | F6: 293707.68 | G6: 274860.32 | H6: 302225.28 | I6: 100306.08 | J6: 89260.64 | K6: 148960 | L6: 162400 | M6: 222880 | N6: 310240 | O6: 321440 | P6: 369600 | Q6: 448000 | R6: 481600 | S6: 638400 | T6: 616000 | U6: 336000 | V6: 268800 | W6: 451360 | X6: 692160 | Y6: 873600 | Z6: 1164800 | AA6: 1198400 | AB6: 1232000 | AC6: 1299200 | AD6: 1512000 | AE6: 1792000 | AF6: 2240000 | AG6: 2016000 | AH6: 1568000 | AI6: 1232000 | AJ6: 1288000 | AK6: 1789760 | AL6: 2176160 | AM6: 2329600 | AN6: 2581600 | AO6: 3080000 | AP6: 3696000 | AQ6: 3953600 | AR6: 3628800 | AS6: 4032000 | AT6: 4536000 | AU6: 5152000 | AV6: 4144000 | AW6: 4368000 | AX6: 4816000 | AY6: 4592000 | AZ6: 4816000 | BA6: 4480000 | BB6: 4704000 | BC6: 5488000 | BD6: 5376000 | BE6: 5264000 | BF6: 5488000 | BG6: 5936000 | BH6: 6100000 | BI6: 6400000 | BJ6: 6300000 | BK6: 6800000 | BL6: 7400000 | BM6: 8400000 | BN6: 8600000 | BO6: 9300000 | BP6: 9100000 | BQ6: 9600000 | BR6: 9200000 | BS6: 8500000 | BT6: 8000000 | BU6: 7900000 | BV6: 9300000 | BW6: 11200000 | BX6: 11800000 | BY6: 11600000 | BZ6: 12700000 | CA6: 14000000 | CB6: 13000000 | CC6: 13300000 | CD6: 11000000 | CE6: 9300000 | CF6: 9570000 | CG6: 12000000 | CH6: 12190000 | CI6: 12500000 | CJ6: 12700000 | CK6: 13500000 | CL6: 14400000 | CM6: 12100000 | CN6: 13500000 | CO6: 15500000 | CP6: 17500000 | CQ6: 19300000 | CR6: 19600000 | CS6: 21500000 | CT6: 23800000 | CU6: 19300000 | CV6: 23700000 | CW6: 23300000 | CX6: 25600000 | CY6: 28800000 | CZ6: 26400000 | DA6: 30400000 | DB6: 30200000 | DC6: 35700000 | DD6: 43100000 | DE6: 44800000 | DF6: 37000000 | DG6: 41000000 | DK6: =(D6-C6)/C6 -> 0.11342324 | DL6: =(E6-D6)/D6 -> 0.29412764 | DM6: =(F6-E6)/E6 -> 0.5642985 | DN6: =(G6-F6)/F6 -> -0.06417047 | DO6: =(H6-G6)/G6 -> 0.099559514 | DP6: =(I6-H6)/H6 -> -0.66810824 | DQ6: =(J6-I6)/I6 -> -0.11011735 | DR6: =(K6-J6)/J6 -> 0.66882066 | ... HN6: =(DG6-DF6)/DF6 -> 0.10810811 | HP6: =AVERAGE(DK6:HN6) -> 0.072844245 | HQ6: =AVERAGE(GI6:HN6) -> 0.041240908 | HR6: =AVERAGE(GI6:HK6,HN6) -> 0.048479101 | HS6: =MEDIAN($DK6:$HN6) -> 0.068181818 | HT6: =MEDIAN($GI6:$HN6) -> 0.051217641 | HU6: =MEDIAN($GI6:$HK6,$HN6) -> 0.064829396 | HW6: Chromium | HX6: 0.068181818 | HY6: All years
A7: (Lundaev et al, 2023) | B7: Cobalt | C7: 614 | D7: 1058 | E7: 1038 | F7: 1017 | G7: 996 | H7: 975 | I7: 832 | J7: 688 | K7: 544 | L7: 400 | M7: 459 | N7: 517 | O7: 575 | P7: 633.7808 | Q7: 760.6792 | R7: 887.5776 | S7: 1014.476 | T7: 1141.3744 | U7: 1156.208 | V7: 1171.0416 | W7: 1185.8752 | X7: 1200.7088 | Y7: 1931.2636 | Z7: 2661.8184 | AA7: 3392.3732 | AB7: 4122.8772 | AC7: 3736.9496 | AD7: 4208.4752 | AE7: 3593.4396 | AF7: 3636.4164 | AG7: 3679.3424 | AH7: 3487.5724 | AI7: 3368.3448 | AJ7: 3249.1172 | AK7: 4157.7768 | AL7: 5066.3856 | AM7: 5974.9944 | AN7: 6883.6032 | AO7: 8000.238 | AP7: 9628.7844 | AQ7: 11043.006 | AR7: 12374 | AS7: 13760 | AT7: 15300 | AU7: 16000 | AV7: 15000 | AW7: 17000 | AX7: 16000 | AY7: 15000 | AZ7: 16000 | BA7: 13000 | BB7: 14000 | BC7: 16000 | BD7: 20000 | BE7: 19000 | BF7: 19000 | BG7: 20000 | BH7: 23200 | BI7: 24400 | BJ7: 23000 | BK7: 27000 | BL7: 30000 | BM7: 20900 | BN7: 18900 | BO7: 19000 | BP7: 23200 | BQ7: 26000 | BR7: 33700 | BS7: 28300 | BT7: 21000 | BU7: 18600 | BV7: 23100 | BW7: 30400 | BX7: 33400 | BY7: 33500 | BZ7: 36500 | CA7: 32600 | CB7: 27300 | CC7: 24800 | CD7: 22000 | CE7: 20600 | CF7: 18500 | CG7: 22100 | CH7: 27000 | CI7: 27000 | CJ7: 26300 | CK7: 29900 | CL7: 33300 | CM7: 36700 | CN7: 47600 | CO7: 48400 | CP7: 52400 | CQ7: 57900 | CR7: 67500 | CS7: 65500 | CT7: 75900 | CU7: 72300 | CV7: 89500 | CW7: 109000 | CX7: 103000 | CY7: 110000 | CZ7: 123000 | DA7: 126000 | DB7: 111000 | DC7: 120000 | DD7: 148000 | DE7: 144000 | DF7: 142000 | DG7: 170000 | DK7: =(D7-C7)/C7 -> 0.72312704 | DL7: =(E7-D7)/D7 -> -0.018903592 | DM7: =(F7-E7)/E7 -> -0.020231214 | DN7: =(G7-F7)/F7 -> -0.020648968 | DO7: =(H7-G7)/G7 -> -0.021084337 | DP7: =(I7-H7)/H7 -> -0.14666667 | DQ7: =(J7-I7)/I7 -> -0.17307692 | DR7: =(K7-J7)/J7 -> -0.20930233 | ... HN7: =(DG7-DF7)/DF7 -> 0.1971831 | HP7: =AVERAGE(DK7:HN7) -> 0.065158519 | HQ7: =AVERAGE(GI7:HN7) -> 0.060071402 | HR7: =AVERAGE(GI7:HK7,HN7) -> 0.065440026 | HS7: =MEDIAN($DK7:$HN7) -> 0.072442121 | HT7: =MEDIAN($GI7:$HN7) -> 0.074521123 | HU7: =MEDIAN($GI7:$HK7,$HN7) -> 0.081862855 | HW7: Cobalt | HX7: =HS7 -> 0.072442121 | HY7: All years
A8: (Lundaev et al, 2023) | B8: Copper | C8: 1097600 | D8: 1233000 | E8: 1349600 | F8: 1475000 | G8: 1601600 | H8: 1349000 | I8: 1097000 | J8: 845000 | K8: 593600 | L8: 952000 | M8: 1388800 | N8: 1500800 | O8: 1646400 | P8: 1691200 | Q8: 1680000 | R8: 1892800 | S8: 2128000 | T8: 1814400 | U8: 1545600 | V8: 1008000 | W8: 1142400 | X8: 1411200 | Y8: 1635200 | Z8: 1904000 | AA8: 2576000 | AB8: 2240000 | AC8: 2396800 | AD8: 2710400 | AE8: 2822400 | AF8: 2968000 | AG8: 3024000 | AH8: 2800000 | AI8: 2374400 | AJ8: 2004800 | AK8: 2419200 | AL8: 2531200 | AM8: 2486400 | AN8: 2749600 | AO8: 2945600 | AP8: 3020640 | AQ8: 3103520 | AR8: 3118080 | AS8: 3427200 | AT8: 3808000 | AU8: 3808000 | AV8: 3696000 | AW8: 3920000 | AX8: 4592000 | AY8: 4704000 | AZ8: 4928000 | BA8: 5040000 | BB8: 5376000 | BC8: 5712000 | BD8: 6048000 | BE8: 5376000 | BF8: 5936000 | BG8: 6832000 | BH8: 6400000 | BI8: 6400000 | BJ8: 7000000 | BK8: 7400000 | BL8: 7700000 | BM8: 7250000 | BN8: 7850000 | BO8: 7950000 | BP8: 7900000 | BQ8: 8000000 | BR8: 7700000 | BS8: 8200000 | BT8: 8000000 | BU8: 8100000 | BV8: 8300000 | BW8: 8400000 | BX8: 8500000 | BY8: 8800000 | BZ8: 8800000 | CA8: 9200000 | CB8: 9100000 | CC8: 9300000 | CD8: 9500000 | CE8: 9430000 | CF8: 9430000 | CG8: 10000000 | CH8: 11000000 | CI8: 11400000 | CJ8: 12200000 | CK8: 12600000 | CL8: 13200000 | CM8: 13700000 | CN8: 13600000 | CO8: 13600000 | CP8: 14600000 | CQ8: 15000000 | CR8: 15100000 | CS8: 15400000 | CT8: 15400000 | CU8: 15900000 | CV8: 15900000 | CW8: 16100000 | CX8: 16900000 | CY8: 18300000 | CZ8: 18500000 | DA8: 19100000 | DB8: 20100000 | DC8: 20000000 | DD8: 20400000 | DE8: 20400000 | DF8: 20600000 | DG8: 21000000 | DK8: =(D8-C8)/C8 -> 0.12336006 | DL8: =(E8-D8)/D8 -> 0.094566099 | DM8: =(F8-E8)/E8 -> 0.09291642 | DN8: =(G8-F8)/F8 -> 0.085830508 | DO8: =(H8-G8)/G8 -> -0.15771728 | DP8: =(I8-H8)/H8 -> -0.18680504 | DQ8: =(J8-I8)/I8 -> -0.22971741 | DR8: =(K8-J8)/J8 -> -0.29751479 | ... HN8: =(DG8-DF8)/DF8 -> 0.019417476 | HP8: =AVERAGE(DK8:HN8) -> 0.034378727 | HQ8: =AVERAGE(GI8:HN8) -> 0.026506741 | HR8: =AVERAGE(GI8:HK8,HN8) -> 0.02794706 | HS8: =MEDIAN($DK8:$HN8) -> 0.027417577 | HT8: =MEDIAN($GI8:$HN8) -> 0.020752688 | HU8: =MEDIAN($GI8:$HK8,$HN8) -> 0.021741699 | HW8: Copper | HX8: 0.027417577 | HY8: All years
A9: (Lundaev et al, 2023) | B9: Dysprosium | BM9: 23.337291 | BN9: 24.721031 | BO9: 35.620956 | BP9: 45.801347 | BQ9: 49.83398 | BR9: 42.617639 | BS9: 41.025305 | BT9: 33.336099 | BU9: 53.621338 | BV9: 62.111721 | BW9: 130.31143 | BX9: 134.35983 | BY9: 142.79201 | BZ9: 159.89877 | CA9: 174.88186 | CB9: 164.64144 | CC9: 144.60914 | CD9: 168.02006 | CE9: 176.75276 | CF9: 169.95055 | CG9: 319.07591 | CH9: 347.10708 | CI9: 334.44909 | CJ9: 405.37263 | CK9: 429.34432 | CL9: 451.77832 | CM9: 500.0563 | CN9: 546.64392 | CO9: 572.66148 | CP9: 613.50189 | CQ9: 738.33177 | CR9: 829.12082 | CS9: 753.52354 | CT9: 773.74387 | CU9: 799.64745 | CV9: 734.33834 | CW9: 654.16838 | CX9: 627.2715 | CY9: 590.88143 | CZ9: 872.90551 | DA9: 884.27115 | DB9: 931.43088 | DC9: 1028.9054 | DD9: 1368.1301 | DE9: 1340.0459 | DF9: 1121.4732 | FU9: =(BN9-BM9)/BM9 -> 0.059293083 | FV9: =(BO9-BN9)/BN9 -> 0.4409171 | FW9: =(BP9-BO9)/BO9 -> 0.2857978 | FX9: =(BQ9-BP9)/BP9 -> 0.088046175 | FY9: =(BR9-BQ9)/BQ9 -> -0.14480765 | FZ9: =(BS9-BR9)/BR9 -> -0.037363248 | GA9: =(BT9-BS9)/BS9 -> -0.18742593 | GB9: =(BU9-BT9)/BT9 -> 0.60850667 | ... HM9: =(DF9-DE9)/DE9 -> -0.16310831 | HP9: =AVERAGE(DK9:HN9) -> 0.11206641 | HQ9: =AVERAGE(GI9:HN9) -> 0.076333467 | HR9: =AVERAGE(GI9:HK9,HN9) -> 0.087930111 | HS9: =MEDIAN($DK9:$HN9) -> 0.059134968 | HT9: =MEDIAN($GI9:$HN9) -> 0.051974129 | HU9: =MEDIAN($GI9:$HK9,$HN9) -> 0.052251758 | HW9: Dysprosium | HX9: 0.052251758 | HY9: 1990-2022 / covid
A10: (Lundaev et al, 2023) | B10: Gallium | CF10: 51 | CG10: 35 | CH10: 63 | CI10: 54 | CJ10: 60 | CK10: 75 | CL10: 100 | CM10: 75 | CN10: 61 | CO10: 64 | CP10: 69 | CQ10: 63 | CR10: 69 | CS10: 80 | CT10: 95 | CU10: 78 | CV10: 106 | CW10: 216 | CX10: 273 | CY10: 280 | CZ10: 440 | DA10: 435 | DB10: 375 | DC10: 320 | DD10: 413 | DE10: 351 | DF10: 327 | DG10: 430 | GN10: =(CG10-CF10)/CF10 -> -0.31372549 | GO10: =(CH10-CG10)/CG10 -> 0.8 | GP10: =(CI10-CH10)/CH10 -> -0.14285714 | GQ10: =(CJ10-CI10)/CI10 -> 0.11111111 | GR10: =(CK10-CJ10)/CJ10 -> 0.25 | GS10: =(CL10-CK10)/CK10 -> 0.33333333 | GT10: =(CM10-CL10)/CL10 -> -0.25 | GU10: =(CN10-CM10)/CM10 -> -0.18666667 | ... HN10: =(DG10-DF10)/DF10 -> 0.31498471 | HP10: =AVERAGE(DK10:HN10) -> 0.12050277 | HQ10: =AVERAGE(GI10:HN10) -> 0.12050277 | HR10: =AVERAGE(GI10:HK10,HN10) -> 0.13888288 | HS10: =MEDIAN($DK10:$HN10) -> 0.078125 | HT10: =MEDIAN($GI10:$HN10) -> 0.078125 | HU10: =MEDIAN($GI10:$HK10,$HN10) -> 0.095238095 | HW10: Gallium | HX10: (By-product Al)
A11: (Lundaev et al, 2023) | B11: Germanium | CF11: 50 | CG11: 45 | CH11: 53 | CI11: 63 | CJ11: 56 | CK11: 58 | CL11: 71 | CM11: 68 | CN11: 50 | CO11: 44 | CP11: 87 | CQ11: 90 | CR11: 90 | CS11: 100 | CT11: 140 | CU11: 120 | CV11: 118 | CW11: 118 | CX11: 150 | CY11: 155 | CZ11: 165 | DA11: 160 | DB11: 126 | DC11: 106 | DD11: 130 | DE11: 131 | DF11: 140 | DG11: 140 | GN11: =(CG11-CF11)/CF11 -> -0.1 | GO11: =(CH11-CG11)/CG11 -> 0.17777778 | GP11: =(CI11-CH11)/CH11 -> 0.18867925 | GQ11: =(CJ11-CI11)/CI11 -> -0.11111111 | GR11: =(CK11-CJ11)/CJ11 -> 0.035714286 | GS11: =(CL11-CK11)/CK11 -> 0.22413793 | GT11: =(CM11-CL11)/CL11 -> -0.042253521 | GU11: =(CN11-CM11)/CM11 -> -0.26470588 | ... HN11: =(DG11-DF11)/DF11 -> 0 | HP11: =AVERAGE(DK11:HN11) -> 0.060070145 | HQ11: =AVERAGE(GI11:HN11) -> 0.060070145 | HR11: =AVERAGE(GI11:HK11,HN11) -> 0.061819973 | HS11: =MEDIAN($DK11:$HN11) -> 0.0076923077 | HT11: =MEDIAN($GI11:$HN11) -> 0.0076923077 | HU11: =MEDIAN($GI11:$HK11,$HN11) -> 0 | HW11: Germanium | HX11: (By product Zn)
A12: (Lundaev et al, 2023) | B12: Indium | CF12: 145 | CG12: 239 | CH12: 200 | CI12: 230 | CJ12: 230 | CK12: 215 | CL12: 335 | CM12: 345 | CN12: 335 | CO12: 370 | CP12: 405 | CQ12: 500 | CR12: 580 | CS12: 563 | CT12: 570 | CU12: 546 | CV12: 609 | CW12: 662 | CX12: 782 | CY12: 799 | CZ12: 844 | DA12: 759 | DB12: 680 | DC12: 714 | DD12: 741 | DE12: 968 | DF12: 960 | DG12: 920 | GN12: =(CG12-CF12)/CF12 -> 0.64827586 | GO12: =(CH12-CG12)/CG12 -> -0.16317992 | GP12: =(CI12-CH12)/CH12 -> 0.15 | GQ12: =(CJ12-CI12)/CI12 -> 0 | GR12: =(CK12-CJ12)/CJ12 -> -0.065217391 | GS12: =(CL12-CK12)/CK12 -> 0.55813953 | GT12: =(CM12-CL12)/CL12 -> 0.029850746 | GU12: =(CN12-CM12)/CM12 -> -0.028985507 | ... HN12: =(DG12-DF12)/DF12 -> -0.041666667 | HP12: =AVERAGE(DK12:HN12) -> 0.083878286 | HQ12: =AVERAGE(GI12:HN12) -> 0.083878286 | HR12: =AVERAGE(GI12:HK12,HN12) -> 0.078665416 | HS12: =MEDIAN($DK12:$HN12) -> 0.037815126 | HT12: =MEDIAN($GI12:$HN12) -> 0.037815126 | HU12: =MEDIAN($GI12:$HK12,$HN12) -> 0.037815126 | HW12: Indium | HX12: (By product Zn)
A13: (Lundaev et al, 2023) | B13: Irridium | J13: 0.0007583139 | K13: 0.0016173754 | L13: 0.0018581034 | M13: 0.0021860825 | N13: 0.0048051451 | O13: 0.0045605063 | P13: 0.013713186 | Q13: 0.020266578 | R13: 0.024745935 | S13: 0.029897257 | T13: 0.049640562 | U13: 0.043658688 | V13: 0.014178074 | W13: 0.0087939413 | X13: 0.038578137 | Y13: 0.03617691 | Z13: 0.038606618 | AA13: 0.043687428 | AB13: 0.098017531 | AC13: 0.093158858 | AD13: 0.10445362 | AE13: 0.096684174 | AF13: 0.094569301 | AG13: 0.097848241 | AH13: 0.11066187 | AI13: 0.097092402 | AJ13: 0.091833442 | AK13: 0.086181818 | AL13: 0.077230282 | AM13: 0.095926565 | AN13: 0.1432885 | AO13: 0.1877795 | AP13: 0.22203018 | AQ13: 0.26593945 | AR13: 0.29488986 | AS13: 0.3252803 | AT13: 0.40913797 | AU13: 0.59549664 | AV13: 0.27277185 | AW13: 0.319734 | AX13: 0.34643078 | AY13: 0.32101922 | AZ13: 0.2639132 | BA13: 0.28388164 | BB13: 0.5572192 | BC13: 0.64629963 | BD13: 0.67347164 | BE13: 0.68600324 | BF13: 0.6967495 | BG13: 0.78066675 | BH13: 1.244794 | BI13: 1.019398 | BJ13: 1.14117 | BK13: 1.925188 | BL13: 2.2863547 | BM13: 2.0931269 | BN13: 2.174298 | BO13: 2.305144 | BP13: 2.295398 | BQ13: 2.56909 | BR13: 2.489048 | BS13: 2.496794 | BT13: 2.3703535 | BU13: 2.1587069 | BV13: 2.328964 | BW13: 2.971882 | BX13: 3.181024 | BY13: 3.390166 | BZ13: 3.441806 | CA13: 3.506356 | CB13: 3.6641937 | CC13: 3.688671 | CD13: 3.9476456 | CE13: 4.5486319 | CF13: 4.2552909 | CG13: 4.7275645 | CH13: 4.8705815 | CI13: 5.0824379 | CJ13: 5.2023657 | CK13: 5.5946841 | CL13: 4.38636 | CM13: 4.43064 | CN13: 5.06028 | CO13: 5.7021 | CP13: 5.75688 | CQ13: 7.14132 | CR13: 6.53406 | CS13: 7.19334 | CT13: 6.65772 | CU13: 6.86892 | CV13: 7.15152 | CW13: 1.08648 | CX13: 6.4974 | CY13: 6.62058 | CZ13: 4.80522 | DA13: 6.91404 | DB13: 7.05342 | DC13: 6.4074 | DD13: 6.90936 | DE13: 7.0314 | DF13: 6.1539658 | DR13: =(K13-J13)/J13 -> 1.1328575 | DS13: =(L13-K13)/K13 -> 0.14883863 | DT13: =(M13-L13)/L13 -> 0.17651283 | DU13: =(N13-M13)/M13 -> 1.1980621 | DV13: =(O13-N13)/N13 -> -0.050911859 | DW13: =(P13-O13)/O13 -> 2.0069438 | DX13: =(Q13-P13)/P13 -> 0.47788986 | DY13: =(R13-Q13)/Q13 -> 0.22102187 | ... HM13: =(DF13-DE13)/DE13 -> -0.12478798 | HP13: =AVERAGE(DK13:HN13) -> 0.1970986 | HQ13: =AVERAGE(GI13:HN13) -> 0.16246366 | HR13: =AVERAGE(GI13:HK13,HN13) -> 0.17736202 | HS13: =MEDIAN($DK13:$HN13) -> 0.062962628 | HT13: =MEDIAN($GI13:$HN13) -> 0.030251724 | HU13: =MEDIAN($GI13:$HK13,$HN13) -> 0.031722572 | HW13: Irridium | HX13: =HU13 -> 0.031722572 | HY13: 1990-2022 / covid
A14: (USGS, sd*) | B14: Iron | CB14: 983000000 | CC14: 956000000 | CD14: 925000000 | CE14: 953000000 | CF14: 992000000 | CG14: 1030000000 | CH14: 1020000000 | CI14: 1070000000 | CJ14: 1050000000 | CK14: 1020000000 | CL14: 1080000000 | CM14: 1050000000 | CN14: 1100000000 | CO14: 1210000000 | CP14: 1360000000 | CQ14: 1550000000 | CR14: 1830000000 | CS14: 2040000000 | CT14: 2200000000 | CU14: 2220000000 | CV14: 2590000000 | CW14: 2940000000 | CX14: 2070000000 | CY14: 2200000000 | CZ14: 2340000000 | DA14: 2320000000 | DB14: 2350000000 | DC14: 2440000000 | DD14: 2460000000 | DE14: 2450000000 | DF14: 2470000000 | DG14: 2680000000 | GJ14: =(CC14-CB14)/CB14 -> -0.027466938 | GK14: =(CD14-CC14)/CC14 -> -0.032426778 | GL14: =(CE14-CD14)/CD14 -> 0.03027027 | GM14: =(CF14-CE14)/CE14 -> 0.0409234 | GN14: =(CG14-CF14)/CF14 -> 0.038306452 | GO14: =(CH14-CG14)/CG14 -> -0.0097087379 | GP14: =(CI14-CH14)/CH14 -> 0.049019608 | GQ14: =(CJ14-CI14)/CI14 -> -0.018691589 | ... HN14: =(DG14-DF14)/DF14 -> 0.085020243 | HP14: =AVERAGE(DK14:HN14) -> 0.036749427 | HQ14: =AVERAGE(GI14:HN14) -> 0.036749427 | HR14: =AVERAGE(GI14:HK14,HN14) -> 0.039142552 | HS14: =MEDIAN($DK14:$HN14) -> 0.038306452 | HT14: =MEDIAN($GI14:$HN14) -> 0.038306452 | HU14: =MEDIAN($GI14:$HK14,$HN14) -> 0.0409234 | HW14: Iron | HX14: 0.038306452 | HY14: All years
A15: (USGS, sd*) | B15: Lead | Y15: 272400 | Z15: 247430 | AA15: 222460 | AB15: 197490 | AC15: 172520 | AD15: 257872 | AE15: 343678 | AF15: 429484 | AG15: 515290 | AH15: 513474 | AI15: 512112 | AJ15: 511204 | AK15: 509388 | AL15: 499400 | AM15: 454000 | AN15: 452320.2 | AO15: 477154 | AP15: 528183.6 | AQ15: 673690.6 | AR15: 629516.4 | AS15: 732075 | AT15: 871997.8 | AU15: 880760 | AV15: 681000 | AW15: 780880 | AX15: 812660 | AY15: 953400 | AZ15: 948860 | BA15: 921620 | BB15: 953400 | BC15: 771800 | BD15: 862600 | BE15: 953400 | BF15: 953400 | BG15: 1225800 | BH15: 1149000 | BI15: 1073000 | BJ15: 1094000 | BK15: 1115000 | BL15: 1136000 | BM15: 1156000 | BN15: 1204000 | BO15: 1252000 | BP15: 1300000 | BQ15: 1348000 | BR15: 1361000 | BS15: 1374000 | BT15: 1387000 | BU15: 1400000 | BV15: 1424000 | BW15: 1447000 | BX15: 1470000 | BY15: 1493000 | BZ15: 1568000 | CA15: 1642000 | CB15: 1790000 | CC15: 1630000 | CD15: 1730000 | CE15: 1760000 | CF15: 1880000 | CG15: 2070000 | CH15: 2150000 | CI15: 1640000 | CJ15: 1450000 | CK15: 1430000 | CL15: 1410000 | CM15: 1580000 | CN15: 1510000 | CO15: 1430000 | CP15: 1330000 | CQ15: 1390000 | CR15: 1540000 | CS15: 1560000 | CT15: 1510000 | CU15: 2280000 | CV15: 2150000 | CW15: 1980000 | CX15: 2237000 | CY15: 2170000 | CZ15: 2250000 | DA15: 2190000 | DB15: 2250000 | DC15: 2710000 | DD15: 2810000 | DE15: 2880000 | DF15: 3120000 | DG15: 3000000 | EG15: =(Z15-Y15)/Y15 -> -0.091666667 | EH15: =(AA15-Z15)/Z15 -> -0.10091743 | EI15: =(AB15-AA15)/AA15 -> -0.1122449 | EJ15: =(AC15-AB15)/AB15 -> -0.12643678 | EK15: =(AD15-AC15)/AC15 -> 0.49473684 | EL15: =(AE15-AD15)/AD15 -> 0.33274648 | EM15: =(AF15-AE15)/AE15 -> 0.24966975 | EN15: =(AG15-AF15)/AF15 -> 0.19978858 | ... HN15: =(DG15-DF15)/DF15 -> -0.038461538 | HP15: =AVERAGE(DK15:HN15) -> 0.035212809 | HQ15: =AVERAGE(GI15:HN15) -> 0.025506998 | HR15: =AVERAGE(GI15:HK15,HN15) -> 0.023599319 | HS15: =MEDIAN($DK15:$HN15) -> 0.017241949 | HT15: =MEDIAN($GI15:$HN15) -> 0.021126036 | HU15: =MEDIAN($GI15:$HK15,$HN15) -> 0.015164027 | HW15: Lead | HX15: 0.016839639 | HY15: All years
A16: (Lundaev et al, 2023) | B16: Lanthanum | BM16: 6632.7174 | BN16: 6188.0706 | BO16: 7876.175 | BP16: 8517.7655 | BQ16: 9589.195 | BR16: 8781.528 | BS16: 8959.0978 | BT16: 8373.7787 | BU16: 10174.833 | BV16: 13382.042 | BW16: 12696.851 | BX16: 11730.673 | BY16: 12954.383 | BZ16: 11765.235 | CA16: 15371.734 | CB16: 16312.269 | CC16: 12713.727 | CD16: 13058.93 | CE16: 13930.167 | CF16: 13806.279 | CG16: 17891.56 | CH16: 18568.113 | CI16: 15137.629 | CJ16: 16070.955 | CK16: 16304.908 | CL16: 17155.483 | CM16: 18874.086 | CN16: 20494.632 | CO16: 19964.321 | CP16: 21490.648 | CQ16: 25482.669 | CR16: 28661.278 | CS16: 26062.992 | CT16: 26679.026 | CU16: 27484.59 | CV16: 25285.467 | CW16: 22827.22 | CX16: 22448.759 | CY16: 21455.196 | CZ16: 31705.708 | DA16: 32736.038 | DB16: 34128.086 | DC16: 37807.566 | DD16: 53186.796 | DE16: 53745.631 | DF16: 53682.005 | FU16: =(BN16-BM16)/BM16 -> -0.067038404 | FV16: =(BO16-BN16)/BN16 -> 0.27279978 | FW16: =(BP16-BO16)/BO16 -> 0.081459661 | FX16: =(BQ16-BP16)/BP16 -> 0.12578763 | FY16: =(BR16-BQ16)/BQ16 -> -0.084226781 | FZ16: =(BS16-BR16)/BR16 -> 0.020220837 | GA16: =(BT16-BS16)/BS16 -> -0.065332373 | GB16: =(BU16-BT16)/BT16 -> 0.21508257 | ... HM16: =(DF16-DE16)/DE16 -> -0.0011838493 | HP16: =AVERAGE(DK16:HN16) -> 0.056834139 | HQ16: =AVERAGE(GI16:HN16) -> 0.050058409 | HR16: =AVERAGE(GI16:HK16,HN16) -> 0.053189224 | HS16: =MEDIAN($DK16:$HN16) -> 0.032496656 | HT16: =MEDIAN($GI16:$HN16) -> 0.032496656 | HU16: =MEDIAN($GI16:$HK16,$HN16) -> 0.037814062 | HW16: Lanthanum | HX16: =HU16 -> 0.037814062 | HY16: 1990-2022 / covid
A17: (Lundaev et al, 2023) | B17: Lithium | BM17: 6000 | BN17: 6000 | BO17: 5500 | BP17: 5700 | BQ17: 5600 | BR17: 6900 | BS17: 6800 | BT17: 5200 | BU17: 6400 | BV17: 7400 | BW17: 7600 | BX17: 7200 | BY17: 7400 | BZ17: 7900 | CA17: 8600 | CB17: 5400 | CC17: 5000 | CD17: 5700 | CE17: 5900 | CF17: 6100 | CG17: 6300 | CH17: 11000 | CI17: 14000 | CJ17: 15000 | CK17: 14000 | CL17: 14000 | CM17: 15100 | CN17: 14200 | CO17: 15100 | CP17: 20200 | CQ17: 20600 | CR17: 23500 | CS17: 25800 | CT17: 25400 | CU17: 18800 | CV17: 28100 | CW17: 34100 | CX17: 35000 | CY17: 34000 | CZ17: 31700 | DA17: 31500 | DB17: 38000 | DC17: 69000 | DD17: 95000 | DE17: 86000 | DF17: 82500 | DG17: 100000 | FU17: =(BN17-BM17)/BM17 -> 0 | FV17: =(BO17-BN17)/BN17 -> -0.083333333 | FW17: =(BP17-BO17)/BO17 -> 0.036363636 | FX17: =(BQ17-BP17)/BP17 -> -0.01754386 | FY17: =(BR17-BQ17)/BQ17 -> 0.23214286 | FZ17: =(BS17-BR17)/BR17 -> -0.014492754 | GA17: =(BT17-BS17)/BS17 -> -0.23529412 | GB17: =(BU17-BT17)/BT17 -> 0.23076923 | ... HN17: =(DG17-DF17)/DF17 -> 0.21212121 | HP17: =AVERAGE(DK17:HN17) -> 0.08246185 | HQ17: =AVERAGE(GI17:HN17) -> 0.1040636 | HR17: =AVERAGE(GI17:HK17,HN17) -> 0.11551565 | HS17: =MEDIAN($DK17:$HN17) -> 0.033342595 | HT17: =MEDIAN($GI17:$HN17) -> 0.034493012 | HU17: =MEDIAN($GI17:$HK17,$HN17) -> 0.049234 | HW17: Lithium | HX17: 0.049234 | HY17: 1990-2022 / covid
A18: (USGS, sd*) | B18: Magnesium | CC18: 342000 | CD18: 295000 | CE18: 269000 | CF18: 284000 | CG18: 339000 | CH18: 378000 | CI18: 383000 | CJ18: 397000 | CK18: 342000 | CL18: 368000 | CM18: 420000 | CN18: 440000 | CO18: 485000 | CP18: 595000 | CQ18: 626000 | CR18: 675000 | CS18: 751000 | CT18: 670000 | CU18: 598000 | CV18: 757000 | CW18: 806000 | CX18: 840000 | CY18: 909000 | CZ18: 1000000 | DA18: 972000 | DB18: 993000 | DC18: 1050000 | DD18: 1000000 | DE18: 1060000 | DF18: 1000000 | DG18: 1070000 | DH18: 1000000 | GK18: =(CD18-CC18)/CC18 -> -0.1374269 | GL18: =(CE18-CD18)/CD18 -> -0.088135593 | GM18: =(CF18-CE18)/CE18 -> 0.055762082 | GN18: =(CG18-CF18)/CF18 -> 0.19366197 | GO18: =(CH18-CG18)/CG18 -> 0.11504425 | GP18: =(CI18-CH18)/CH18 -> 0.013227513 | GQ18: =(CJ18-CI18)/CI18 -> 0.036553525 | GR18: =(CK18-CJ18)/CJ18 -> -0.13853904 | ... HN18: =(DG18-DF18)/DF18 -> 0.07 | HP18: =AVERAGE(DK18:HN18) -> 0.043455222 | HQ18: =AVERAGE(GI18:HN18) -> 0.043455222 | HR18: =AVERAGE(GI18:HK18,HN18) -> 0.046437873 | HS18: =MEDIAN($DK18:$HN18) -> 0.056581947 | HT18: =MEDIAN($GI18:$HN18) -> 0.056581947 | HU18: =MEDIAN($GI18:$HK18,$HN18) -> 0.056581947 | HW18: Magnesium | HX18: =HU18 -> 0.056581947 | HY18: 1990-2022 / covid | HZ18: World primary Mg production, USGS Minerals Yearbooks 1991-2022 (world total excl. US, withheld); kt converted to t
A19: (Lundaev et al, 2023) | B19: Manganese | J19: 678160 | K19: 470400 | L19: 513520 | M19: 717360 | N19: 854560 | O19: 1093680 | P19: 1411200 | Q19: 1254400 | R19: 1136800 | S19: 1411200 | T19: 1411200 | U19: 1230880 | V19: 1050560 | W19: 689920 | X19: 1176000 | Y19: 1607200 | Z19: 2077600 | AA19: 2052904 | AB19: 2028208 | AC19: 1999200 | AD19: 2234400 | AE19: 2234400 | AF19: 1920800 | AG19: 1489600 | AH19: 1332800 | AI19: 1583680 | AJ19: 1724800 | AK19: 1771840 | AL19: 2014880 | AM19: 2446080 | AN19: 2940000 | AO19: 3567200 | AP19: 4100320 | AQ19: 4523680 | AR19: 4174800 | AS19: 4390400 | AT19: 4782400 | AU19: 5252800 | AV19: 4900000 | AW19: 5174400 | AX19: 5448800 | AY19: 5409600 | AZ19: 5684000 | BA19: 5919200 | BB19: 6350400 | BC19: 7056000 | BD19: 7330400 | BE19: 7056000 | BF19: 7056000 | BG19: 7056000 | BH19: 6895000 | BI19: 7595000 | BJ19: 7560000 | BK19: 8085000 | BL19: 8400000 | BM19: 8750000 | BN19: 8750000 | BO19: 8260000 | BP19: 7980000 | BQ19: 8540000 | BR19: 9485000 | BS19: 8470000 | BT19: 8645000 | BU19: 7700000 | BV19: 8120000 | BW19: 8925000 | BX19: 8750000 | BY19: 8295000 | BZ19: 8365000 | CA19: 8645000 | CB19: 9137800 | CC19: 8027950 | CD19: 7562800 | CE19: 7420000 | CF19: 7190000 | CG19: 7580000 | CH19: 7730000 | CI19: 7680000 | CJ19: 7040000 | CK19: 6990000 | CL19: 7280000 | CM19: 7600000 | CN19: 8100000 | CO19: 8200000 | CP19: 9350000 | CQ19: 10500000 | CR19: 11900000 | CS19: 12600000 | CT19: 13300000 | CU19: 10800000 | CV19: 13900000 | CW19: 16000000 | CX19: 15800000 | CY19: 16900000 | CZ19: 17800000 | DA19: 17500000 | DB19: 15700000 | DC19: 17300000 | DD19: 18900000 | DE19: 19600000 | DF19: 18900000 | DG19: 20000000 | DR19: =(K19-J19)/J19 -> -0.30635838 | DS19: =(L19-K19)/K19 -> 0.091666667 | DT19: =(M19-L19)/L19 -> 0.39694656 | DU19: =(N19-M19)/M19 -> 0.19125683 | DV19: =(O19-N19)/N19 -> 0.27981651 | DW19: =(P19-O19)/O19 -> 0.29032258 | DX19: =(Q19-P19)/P19 -> -0.11111111 | DY19: =(R19-Q19)/Q19 -> -0.09375 | ... HN19: =(DG19-DF19)/DF19 -> 0.058201058 | HP19: =AVERAGE(DK19:HN19) -> 0.043083946 | HQ19: =AVERAGE(GI19:HN19) -> 0.030441049 | HR19: =AVERAGE(GI19:HK19,HN19) -> 0.032426361 | HS19: =MEDIAN($DK19:$HN19) -> 0.04137931 | HT19: =MEDIAN($GI19:$HN19) -> 0.042721942 | HU19: =MEDIAN($GI19:$HK19,$HN19) -> 0.048605241 | HW19: Manganese | HX19: 0.048605241 | HY19: 1990-2022 / covid
A20: (BGS, sd*) | B20: Molybdenum | BT20: 95031 | BU20: 63903 | BV20: 97941 | BW20: 97665 | BX20: 93846 | BY20: 97810 | BZ20: 112585 | CA20: 137044 | CB20: 126800 | CC20: 115743 | CD20: 108583 | CE20: 94182 | CF20: 108676 | CG20: 138999 | CH20: 130236 | CI20: 143238 | CJ20: 139763 | CK20: 131787 | CL20: 135761 | CM20: 135233 | CN20: 124620 | CO20: 133731 | CP20: 160802 | CQ20: 177709 | CR20: 189427 | CS20: 213220 | CT20: 219123 | CU20: 220669 | CV20: 245070 | CW20: 263824 | CX20: 275572 | CY20: 282018 | CZ20: 304729 | DA20: 290241 | DB20: 284320 | DC20: 290352 | DD20: 289445 | DE20: 280597 | DF20: 288458 | DG20: 268294 | DH20: 262911 | GB20: =(BU20-BT20)/BT20 -> -0.32755627 | GC20: =(BV20-BU20)/BU20 -> 0.53265105 | GD20: =(BW20-BV20)/BV20 -> -0.0028180231 | GE20: =(BX20-BW20)/BW20 -> -0.039103056 | GF20: =(BY20-BX20)/BX20 -> 0.042239414 | GG20: =(BZ20-BY20)/BY20 -> 0.15105817 | GH20: =(CA20-BZ20)/BZ20 -> 0.21724919 | GI20: =(CB20-CA20)/CA20 -> -0.074749715 | ... HN20: =(DG20-DF20)/DF20 -> -0.069902724 | HP20: =AVERAGE(DK20:HN20) -> 0.035221977 | HQ20: =AVERAGE(GI20:HN20) -> 0.02499802 | HR20: =AVERAGE(GI20:HK20,HN20) -> 0.026749674 | HS20: =MEDIAN($DK20:$HN20) -> 0.023391346 | HT20: =MEDIAN($GI20:$HN20) -> 0.022303439 | HU20: =MEDIAN($GI20:$HK20,$HN20) -> 0.022303439 | HW20: Molybdenum | HX20: 0.023971422 | HY20: 1990-2022 / covid
A21: (Lundaev et al, 2023) | B21: Neodymium | BM21: 3353.1251 | BN21: 3241.7367 | BO21: 4252.4628 | BP21: 4888.3293 | BQ21: 5422.3903 | BR21: 4875.1518 | BS21: 4887.4613 | BT21: 4398.2288 | BU21: 5837.3228 | BV21: 7304.7865 | BW21: 8080.7801 | BX21: 7602.1729 | BY21: 7800.6568 | BZ21: 7469.7285 | CA21: 9088.4472 | CB21: 9660.6461 | CC21: 7653.0315 | CD21: 7135.5895 | CE21: 8341.4732 | CF21: 7878.9945 | CG21: 10353.851 | CH21: 11089.993 | CI21: 9759.2786 | CJ21: 10914.257 | CK21: 10885.092 | CL21: 11498.762 | CM21: 12711.721 | CN21: 13844.088 | CO21: 13981.363 | CP21: 15062.73 | CQ21: 17756.853 | CR21: 19959.322 | CS21: 18150.65 | CT21: 18576.205 | CU21: 19141.606 | CV21: 17621.661 | CW21: 15937.828 | CX21: 15474.759 | CY21: 14634.826 | CZ21: 21879.64 | DA21: 22598.675 | DB21: 24033.95 | DC21: 26658.573 | DD21: 36395.045 | DE21: 36304.849 | DF21: 34074.892 | FU21: =(BN21-BM21)/BM21 -> -0.033219257 | FV21: =(BO21-BN21)/BN21 -> 0.31178537 | FW21: =(BP21-BO21)/BO21 -> 0.149529 | FX21: =(BQ21-BP21)/BP21 -> 0.10925225 | FY21: =(BR21-BQ21)/BQ21 -> -0.10092201 | FZ21: =(BS21-BR21)/BR21 -> 0.0025249532 | GA21: =(BT21-BS21)/BS21 -> -0.10009951 | GB21: =(BU21-BT21)/BT21 -> 0.32719852 | ... HM21: =(DF21-DE21)/DE21 -> -0.061423121 | HP21: =AVERAGE(DK21:HN21) -> 0.062107222 | HQ21: =AVERAGE(GI21:HN21) -> 0.052580319 | HR21: =AVERAGE(GI21:HK21,HN21) -> 0.058410043 | HS21: =MEDIAN($DK21:$HN21) -> 0.032863196 | HT21: =MEDIAN($GI21:$HN21) -> 0.032863196 | HU21: =MEDIAN($GI21:$HK21,$HN21) -> 0.056377058 | HW21: Neodymium | HX21: 0.056377058 | HY21: 1990-2022 / covid
A22: (Lundaev et al, 2023) | B22: Nickel | J22: 33936 | K22: 11424 | L22: 12992 | M22: 34384 | N22: 34832 | O22: 40880 | P22: 37408 | Q22: 38080 | R22: 54880 | S22: 63840 | T22: 59696 | U22: 39648 | V22: 20832 | W22: 50960 | X22: 79072 | Y22: 85232 | Z22: 97440 | AA22: 126560 | AB22: 124320 | AC22: 134400 | AD22: 151200 | AE22: 174720 | AF22: 171360 | AG22: 169120 | AH22: 171360 | AI22: 165760 | AJ22: 141120 | AK22: 154560 | AL22: 166880 | AM22: 161840 | AN22: 162848 | AO22: 183232 | AP22: 207984 | AQ22: 227360 | AR22: 248304 | AS22: 280000 | AT22: 297920 | AU22: 334880 | AV22: 257600 | AW22: 324800 | AX22: 369600 | AY22: 414400 | AZ22: 403200 | BA22: 392000 | BB22: 425600 | BC22: 470400 | BD22: 448000 | BE22: 504000 | BF22: 560000 | BG22: 554400 | BH22: 660000 | BI22: 670000 | BJ22: 630000 | BK22: 680000 | BL22: 740000 | BM22: 752000 | BN22: 767000 | BO22: 781000 | BP22: 629000 | BQ22: 673000 | BR22: 758000 | BS22: 719000 | BT22: 629000 | BU22: 660000 | BV22: 738000 | BW22: 810000 | BX22: 790000 | BY22: 820000 | BZ22: 870000 | CA22: 910000 | CB22: 969000 | CC22: 985000 | CD22: 947000 | CE22: 900000 | CF22: 906000 | CG22: 1040000 | CH22: 1080000 | CI22: 1120000 | CJ22: 1140000 | CK22: 1120000 | CL22: 1250000 | CM22: 1330000 | CN22: 1340000 | CO22: 1400000 | CP22: 1400000 | CQ22: 1490000 | CR22: 1580000 | CS22: 1660000 | CT22: 1570000 | CU22: 1400000 | CV22: 1590000 | CW22: 1940000 | CX22: 2220000 | CY22: 2630000 | CZ22: 2450000 | DA22: 2280000 | DB22: 2090000 | DC22: 2160000 | DD22: 2400000 | DE22: 2610000 | DF22: 2510000 | DG22: 2700000 | DR22: =(K22-J22)/J22 -> -0.66336634 | DS22: =(L22-K22)/K22 -> 0.1372549 | DT22: =(M22-L22)/L22 -> 1.6465517 | DU22: =(N22-M22)/M22 -> 0.013029316 | DV22: =(O22-N22)/N22 -> 0.17363344 | DW22: =(P22-O22)/O22 -> -0.084931507 | DX22: =(Q22-P22)/P22 -> 0.017964072 | DY22: =(R22-Q22)/Q22 -> 0.44117647 | ... HN22: =(DG22-DF22)/DF22 -> 0.075697211 | HP22: =AVERAGE(DK22:HN22) -> 0.068583246 | HQ22: =AVERAGE(GI22:HN22) -> 0.037559042 | HR22: =AVERAGE(GI22:HK22,HN22) -> 0.03842345 | HS22: =MEDIAN($DK22:$HN22) -> 0.050632911 | HT22: =MEDIAN($GI22:$HN22) -> 0.037749288 | HU22: =MEDIAN($GI22:$HK22,$HN22) -> 0.037749288 | HW22: Nickel | HX22: 0.050632911 | HY22: All years
A23: (BGS, sd*) | B23: Niobium | CQ23: 639 | CR23: 656 | CS23: 688 | CT23: 585 | CU23: 511 | CV23: 4816 | CW23: 107130 | CX23: 64876 | CY23: 64041 | CZ23: 72154 | DA23: 66350 | DB23: 57759 | DC23: 70146 | DD23: 69506 | DE23: 94790 | DF23: 66232 | DG23: 84104 | DH23: 86461 | GY23: =(CR23-CQ23)/CQ23 -> 0.026604069 | GZ23: =(CS23-CR23)/CR23 -> 0.048780488 | HA23: =(CT23-CS23)/CS23 -> -0.1497093 | HB23: =(CU23-CT23)/CT23 -> -0.12649573 | HC23: =(CV23-CU23)/CU23 -> 8.4246575 | HD23: =(CW23-CV23)/CV23 -> 21.244601 | HE23: =(CX23-CW23)/CW23 -> -0.394418 | HF23: =(CY23-CX23)/CX23 -> -0.012870707 | ... HN23: =(DG23-DF23)/DF23 -> 0.26983935 | HP23: =AVERAGE(DK23:HN23) -> 1.8447238 | HQ23: =AVERAGE(GI23:HN23) -> 1.8447238 | HR23: =AVERAGE(GI23:HK23,HN23) -> 2.1037922 | HS23: =MEDIAN($DK23:$HN23) -> 0.0087401207 | HT23: =MEDIAN($GI23:$HN23) -> 0.0087401207 | HU23: =MEDIAN($GI23:$HK23,$HN23) -> 0.0087401207 | HW23: Niobium | HX23: 0.0087401207 | HY23: 1990-2022 / covid
A24: (Lundaev et al, 2023) | B24: Palladium | J24: 0.25573611 | K24: 0.16511914 | L24: 0.52160477 | M24: 0.87619035 | N24: 1.2784992 | O24: 1.5529824 | P24: 1.8526373 | Q24: 2.8817753 | R24: 2.9532558 | S24: 3.0692173 | T24: 4.0669961 | U24: 4.4265576 | V24: 3.5814713 | W24: 3.3533546 | X24: 6.346805 | Y24: 6.1139646 | Z24: 7.0229397 | AA24: 7.5020608 | AB24: 8.8299942 | AC24: 8.8997357 | AD24: 7.2582583 | AE24: 7.7847545 | AF24: 12.719769 | AG24: 10.051649 | AH24: 8.2297507 | AI24: 16.506613 | AJ24: 9.3081274 | AK24: 8.0698916 | AL24: 8.574286 | AM24: 9.4237089 | AN24: 8.8692391 | AO24: 10.188584 | AP24: 9.9194065 | AQ24: 10.901894 | AR24: 11.984664 | AS24: 16.456305 | AT24: 16.210597 | AU24: 19.177906 | AV24: 14.09692 | AW24: 15.368211 | AX24: 20.285433 | AY24: 22.91209 | AZ24: 29.817724 | BA24: 28.205019 | BB24: 46.992786 | BC24: 54.522434 | BD24: 56.153669 | BE24: 58.180918 | BF24: 62.111474 | BG24: 61.458681 | BH24: 73.066472 | BI24: 72.773744 | BJ24: 74.24228 | BK24: 85.089384 | BL24: 91.389239 | BM24: 92.980222 | BN24: 97.599824 | BO24: 102.39037 | BP24: 103.62936 | BQ24: 107.60574 | BR24: 111.8987 | BS24: 113.52573 | BT24: 112.80893 | BU24: 112.55175 | BV24: 118.92201 | BW24: 123.55544 | BX24: 139.09851 | BY24: 145.92039 | BZ24: 150.59475 | CA24: 150.69175 | CB24: 151.64248 | CC24: 150.46635 | CD24: 131.94135 | CE24: 119.81846 | CF24: 117.69265 | CG24: 200.44266 | CH24: 245.34425 | CI24: 238.68723 | CJ24: 258.14254 | CK24: 264.08343 | CL24: 238.65 | CM24: 224.991 | CN24: 158.431 | CO24: 193.169 | CP24: 262.886 | CQ24: 262.741 | CR24: 245.032 | CS24: 263.609 | CT24: 224.71 | CU24: 219.651 | CV24: 226.891 | CW24: 228.88 | CX24: 206.324 | CY24: 206.355 | CZ24: 185.618 | DA24: 204.293 | DB24: 202.671 | DC24: 212.187 | DD24: 214.583 | DE24: 213.712 | DF24: 207.441 | DR24: =(K24-J24)/J24 -> -0.35433779 | DS24: =(L24-K24)/K24 -> 2.1589601 | DT24: =(M24-L24)/L24 -> 0.67979744 | DU24: =(N24-M24)/M24 -> 0.45915691 | DV24: =(O24-N24)/N24 -> 0.21469172 | DW24: =(P24-O24)/O24 -> 0.19295444 | DX24: =(Q24-P24)/P24 -> 0.55549894 | DY24: =(R24-Q24)/Q24 -> 0.024804326 | ... HM24: =(DF24-DE24)/DE24 -> -0.029343228 | HP24: =AVERAGE(DK24:HN24) -> 0.10031173 | HQ24: =AVERAGE(GI24:HN24) -> 0.022556476 | HR24: =AVERAGE(GI24:HK24,HN24) -> 0.025263897 | HS24: =MEDIAN($DK24:$HN24) -> 0.034531594 | HT24: =MEDIAN($GI24:$HN24) -> -0.0040590354 | HU24: =MEDIAN($GI24:$HK24,$HN24) -> -0.00055156988 | HW24: Palladium | HX24: =HU24 -> -0.00055156988 | HY24: 1990-2022 / covid
A25: (Lundaev et al, 2023) | B25: Praesodymum | BM25: 1023.8792 | BN25: 979.90396 | BO25: 1274.3005 | BP25: 1439.8141 | BQ25: 1603.4431 | BR25: 1448.8096 | BS25: 1459.5475 | BT25: 1327.6726 | BU25: 1719.445 | BV25: 2181.2239 | BW25: 2355.4245 | BX25: 2215.6611 | BY25: 2326.244 | BZ25: 2214.6162 | CA25: 2732.0847 | CB25: 2884.8646 | CC25: 2287.829 | CD25: 2227.33 | CE25: 2513.8826 | CF25: 2412.1082 | CG25: 3238.6348 | CH25: 3443.4038 | CI25: 2992.9805 | CJ25: 3329.0013 | CK25: 3352.0826 | CL25: 3537.4019 | CM25: 3906.7418 | CN25: 4253.4854 | CO25: 4275.2788 | CP25: 4601.9473 | CQ25: 5444.1062 | CR25: 6119.9063 | CS25: 5564.8917 | CT25: 5697.6657 | CU25: 5872.423 | CV25: 5403.5093 | CW25: 4875.9096 | CX25: 4742.6207 | CY25: 4495.1763 | CZ25: 6692.6184 | DA25: 6895.2353 | DB25: 7290.1424 | DC25: 8079.389 | DD25: 11081.406 | DE25: 11068.273 | DF25: 10438.96 | FU25: =(BN25-BM25)/BM25 -> -0.042949633 | FV25: =(BO25-BN25)/BN25 -> 0.30043408 | FW25: =(BP25-BO25)/BO25 -> 0.12988587 | FX25: =(BQ25-BP25)/BP25 -> 0.11364589 | FY25: =(BR25-BQ25)/BQ25 -> -0.096438412 | FZ25: =(BS25-BR25)/BR25 -> 0.0074115504 | GA25: =(BT25-BS25)/BS25 -> -0.090353267 | GB25: =(BU25-BT25)/BT25 -> 0.29508206 | ... HM25: =(DF25-DE25)/DE25 -> -0.056857424 | HP25: =AVERAGE(DK25:HN25) -> 0.061966551 | HQ25: =AVERAGE(GI25:HN25) -> 0.053132357 | HR25: =AVERAGE(GI25:HK25,HN25) -> 0.058798124 | HS25: =MEDIAN($DK25:$HN25) -> 0.049909686 | HT25: =MEDIAN($GI25:$HN25) -> 0.030671752 | HU25: =MEDIAN($GI25:$HK25,$HN25) -> 0.055284839 | HW25: Praesodymium | HX25: 0.055284839 | HY25: 1990-2022 / covid
A26: (Lundaev et al, 2023) | B26: Platinum | J26: 1.2386989 | K26: 1.1868851 | L26: 2.1947224 | M26: 1.7383387 | N26: 2.7224634 | O26: 2.3183315 | P26: 3.6466859 | Q26: 3.7160321 | R26: 1.6777716 | S26: 1.8642249 | T26: 3.9582867 | U26: 4.0471053 | V26: 3.4097568 | W26: 3.3429649 | X26: 5.8625276 | Y26: 5.2056382 | Z26: 6.0584819 | AA26: 5.8979559 | AB26: 6.9149821 | AC26: 6.8159637 | AD26: 6.2389982 | AE26: 6.6575607 | AF26: 9.7308534 | AG26: 7.7186804 | AH26: 6.5420508 | AI26: 11.733801 | AJ26: 7.2595291 | AK26: 6.575017 | AL26: 6.8501201 | AM26: 7.0318463 | AN26: 7.3069836 | AO26: 8.7427489 | AP26: 8.9753636 | AQ26: 9.9754771 | AR26: 10.839544 | AS26: 13.248216 | AT26: 13.901392 | AU26: 16.5637 | AV26: 10.672502 | AW26: 12.20235 | AX26: 15.123936 | AY26: 15.478792 | AZ26: 17.67892 | BA26: 16.847447 | BB26: 27.28054 | BC26: 31.780141 | BD26: 32.671105 | BE26: 33.807376 | BF26: 36.029584 | BG26: 35.482297 | BH26: 47.650497 | BI26: 44.860679 | BJ26: 46.484065 | BK26: 60.917754 | BL26: 68.28795 | BM26: 66.366491 | BN26: 69.168949 | BO26: 73.046322 | BP26: 72.783109 | BQ26: 77.331275 | BR26: 79.009644 | BS26: 79.807887 | BT26: 77.388884 | BU26: 74.292118 | BV26: 79.751452 | BW26: 91.323271 | BX26: 96.038812 | BY26: 100.87255 | BZ26: 101.89043 | CA26: 102.49861 | CB26: 107.09673 | CC26: 105.69294 | CD26: 108.614 | CE26: 111.59488 | CF26: 101.67436 | CG26: 133.05817 | CH26: 133.13108 | CI26: 127.09934 | CJ26: 143.81614 | CK26: 124.63484 | CL26: 159.183 | CM26: 184.272 | CN26: 182.123 | CO26: 197.12 | CP26: 200.325 | CQ26: 215.774 | CR26: 217.389 | CS26: 214.768 | CT26: 192.114 | CU26: 183.019 | CV26: 192.805 | CW26: 200.568 | CX26: 179.65 | CY26: 192.847 | CZ26: 148.103 | DA26: 192.29 | DB26: 189.071 | DC26: 185.886 | DD26: 195.079 | DE26: 187.045 | DF26: 169.613 | DR26: =(K26-J26)/J26 -> -0.041829198 | DS26: =(L26-K26)/K26 -> 0.84914479 | DT26: =(M26-L26)/L26 -> -0.20794597 | DU26: =(N26-M26)/M26 -> 0.56612937 | DV26: =(O26-N26)/N26 -> -0.14844344 | DW26: =(P26-O26)/O26 -> 0.57297862 | DX26: =(Q26-P26)/P26 -> 0.019016223 | DY26: =(R26-Q26)/Q26 -> -0.54850454 | ... HM26: =(DF26-DE26)/DE26 -> -0.093196824 | HP26: =AVERAGE(DK26:HN26) -> 0.074065569 | HQ26: =AVERAGE(GI26:HN26) -> 0.022974068 | HR26: =AVERAGE(GI26:HK26,HN26) -> 0.029192284 | HS26: =MEDIAN($DK26:$HN26) -> 0.027836249 | HT26: =MEDIAN($GI26:$HN26) -> 0.007484683 | HU26: =MEDIAN($GI26:$HK26,$HN26) -> 0.016259131 | HW26: Platinum | HX26: =HU26 -> 0.016259131 | HY26: 1990-2022 / covid
A27: (Lundaev et al, 2023) | B27: Selenium | Y27: 272.4 | Z27: 247.43 | AA27: 222.46 | AB27: 197.49 | AC27: 172.52 | AD27: 257.872 | AE27: 343.678 | AF27: 429.484 | AG27: 515.29 | AH27: 513.474 | AI27: 512.112 | AJ27: 511.204 | AK27: 509.388 | AL27: 499.4 | AM27: 454 | AN27: 452.3202 | AO27: 477.154 | AP27: 528.1836 | AQ27: 673.6906 | AR27: 629.5164 | AS27: 732.075 | AT27: 871.9978 | AU27: 880.76 | AV27: 681 | AW27: 780.88 | AX27: 812.66 | AY27: 953.4 | AZ27: 948.86 | BA27: 921.62 | BB27: 953.4 | BC27: 771.8 | BD27: 862.6 | BE27: 953.4 | BF27: 953.4 | BG27: 1225.8 | BH27: 1149 | BI27: 1073 | BJ27: 1094 | BK27: 1115 | BL27: 1136 | BM27: 1156 | BN27: 1204 | BO27: 1252 | BP27: 1300 | BQ27: 1348 | BR27: 1361 | BS27: 1374 | BT27: 1387 | BU27: 1400 | BV27: 1424 | BW27: 1447 | BX27: 1470 | BY27: 1493 | BZ27: 1568 | CA27: 1642 | CB27: 1790 | CC27: 1630 | CD27: 1730 | CE27: 1760 | CF27: 1880 | CG27: 2070 | CH27: 2150 | CI27: 1640 | CJ27: 1450 | CK27: 1430 | CL27: 1410 | CM27: 1580 | CN27: 1510 | CO27: 1430 | CP27: 1330 | CQ27: 1390 | CR27: 1540 | CS27: 1560 | CT27: 1510 | CU27: 2280 | CV27: 2150 | CW27: 1980 | CX27: 2237 | CY27: 2170 | CZ27: 2250 | DA27: 2190 | DB27: 2250 | DC27: 2710 | DD27: 2810 | DE27: 2880 | DF27: 3120 | DG27: 3000 | EG27: =(Z27-Y27)/Y27 -> -0.091666667 | EH27: =(AA27-Z27)/Z27 -> -0.10091743 | EI27: =(AB27-AA27)/AA27 -> -0.1122449 | EJ27: =(AC27-AB27)/AB27 -> -0.12643678 | EK27: =(AD27-AC27)/AC27 -> 0.49473684 | EL27: =(AE27-AD27)/AD27 -> 0.33274648 | EM27: =(AF27-AE27)/AE27 -> 0.24966975 | EN27: =(AG27-AF27)/AF27 -> 0.19978858 | ... HN27: =(DG27-DF27)/DF27 -> -0.038461538 | HP27: =AVERAGE(DK27:HN27) -> 0.035212809 | HQ27: =AVERAGE(GI27:HN27) -> 0.025506998 | HR27: =AVERAGE(GI27:HK27,HN27) -> 0.023599319 | HS27: =MEDIAN($DK27:$HN27) -> 0.017241949 | HT27: =MEDIAN($GI27:$HN27) -> 0.021126036 | HU27: =MEDIAN($GI27:$HK27,$HN27) -> 0.015164027 | HW27: Selenium | HX27: (By-product Cu)
A28: (Lundaev et al, 2023) | B28: Silver | J28: 5502.5 | K28: 5344.4 | L28: 6789 | M28: 7657 | N28: 7347 | O28: 7564 | P28: 7750 | Q28: 8215 | R28: 8091 | S28: 8184 | T28: 7657 | U28: 6076 | V28: 5332 | W28: 5952 | X28: 6882 | Y28: 6913 | Z28: 7719 | AA28: 8401 | AB28: 8308 | AC28: 8246 | AD28: 8680 | AE28: 8153 | AF28: 7750 | AG28: 6851 | AH28: 5952 | AI28: 4774 | AJ28: 4092 | AK28: 5115 | AL28: 5332 | AM28: 4991 | AN28: 5301 | AO28: 5363 | AP28: 5828 | AQ28: 5921 | AR28: 5859 | AS28: 6169 | AT28: 6231 | AU28: 6355 | AV28: 6510 | AW28: 6324 | AX28: 6510 | AY28: 6510 | AZ28: 6758 | BA28: 6944 | BB28: 6758 | BC28: 6975 | BD28: 7192 | BE28: 6944 | BF28: 7440 | BG28: 7812 | BH28: 9336 | BI28: 9183 | BJ28: 9095 | BK28: 9338 | BL28: 9064 | BM28: 9242 | BN28: 9755 | BO28: 10505 | BP28: 10640 | BQ28: 10536 | BR28: 10764 | BS28: 11408 | BT28: 11752 | BU28: 12573 | BV28: 12779 | BW28: 13611 | BX28: 13464 | BY28: 14421 | BZ28: 14781 | CA28: 14966 | CB28: 16500 | CC28: 15700 | CD28: 14700 | CE28: 14300 | CF28: 13900 | CG28: 14600 | CH28: 15200 | CI28: 16400 | CJ28: 16400 | CK28: 17700 | CL28: 17700 | CM28: 18700 | CN28: 20000 | CO28: 18800 | CP28: 19700 | CQ28: 19300 | CR28: 20200 | CS28: 20800 | CT28: 21300 | CU28: 21800 | CV28: 23100 | CW28: 23300 | CX28: 25500 | CY28: 26000 | CZ28: 26800 | DA28: 25100 | DB28: 25700 | DC28: 26800 | DD28: 26900 | DE28: 26500 | DF28: 23500 | DG28: 24000 | DR28: =(K28-J28)/J28 -> -0.028732394 | DS28: =(L28-K28)/K28 -> 0.27030162 | DT28: =(M28-L28)/L28 -> 0.12785388 | DU28: =(N28-M28)/M28 -> -0.04048583 | DV28: =(O28-N28)/N28 -> 0.029535865 | DW28: =(P28-O28)/O28 -> 0.024590164 | DX28: =(Q28-P28)/P28 -> 0.06 | DY28: =(R28-Q28)/Q28 -> -0.01509434 | ... HN28: =(DG28-DF28)/DF28 -> 0.021276596 | HP28: =AVERAGE(DK28:HN28) -> 0.017361398 | HQ28: =AVERAGE(GI28:HN28) -> 0.016110373 | HR28: =AVERAGE(GI28:HK28,HN28) -> 0.021453646 | HS28: =MEDIAN($DK28:$HN28) -> 0.021640091 | HT28: =MEDIAN($GI28:$HN28) -> 0.02368928 | HU28: =MEDIAN($GI28:$HK28,$HN28) -> 0.023971422 | HW28: Silver | HX28: 0.023971422 | HY28: 1990-2022 / covid
A29: (USGS, sd*) | B29: Tantalum | CP29: 0 | CQ29: 35 | CR29: 38 | CS29: 48 | CT29: 39 | CU29: 35 | CV29: 31 | CW29: 27 | CX29: 902 | CY29: 1469 | CZ29: 1187 | DA29: 1418 | DB29: 1283 | DC29: 1554 | DD29: 1661 | DE29: 1303 | DF29: 1406 | DG29: 1563 | DH29: 1440 | GY29: =(CR29-CQ29)/CQ29 -> 0.085714286 | GZ29: =(CS29-CR29)/CR29 -> 0.26315789 | HA29: =(CT29-CS29)/CS29 -> -0.1875 | HB29: =(CU29-CT29)/CT29 -> -0.1025641 | HC29: =(CV29-CU29)/CU29 -> -0.11428571 | HD29: =(CW29-CV29)/CV29 -> -0.12903226 | HE29: =(CX29-CW29)/CW29 -> 32.407407 | HF29: =(CY29-CX29)/CX29 -> 0.6286031 | ... HN29: =(DG29-DF29)/DF29 -> 0.1116643 | HP29: =AVERAGE(DK29:HN29) -> 2.0633872 | HQ29: =AVERAGE(GI29:HN29) -> 2.0633872 | HR29: =AVERAGE(GI29:HK29,HN29) -> 2.3679057 | HS29: =MEDIAN($DK29:$HN29) -> 0.073951459 | HT29: =MEDIAN($GI29:$HN29) -> 0.073951459 | HU29: =MEDIAN($GI29:$HK29,$HN29) -> 0.077284427 | HW29: Tantalum | HX29: 0.077284427 | HY29: 1990-2022 / covid
A30: (BGS, sd*) | B30: Tellurium | Y30: 17.706 | Z30: 16.344 | AA30: 14.982 | AB30: 14.074 | AC30: 12.712 | AD30: 16.798 | AE30: 20.884 | AF30: 24.97 | AG30: 29.51 | AH30: 28.602 | AI30: 27.24 | AJ30: 26.332 | AK30: 24.97 | AL30: 41.314 | AM30: 57.204 | AN30: 73.094 | AO30: 88.984 | AP30: 84.444 | AQ30: 79.45 | AR30: 74.91 | AS30: 69.916 | AT30: 83.99 | AU30: 97.61 | AV30: 111.23 | AW30: 124.85 | AX30: 129.844 | AY30: 134.838 | AZ30: 139.832 | BA30: 144.372 | BB30: 138.924 | BC30: 133.476 | BD30: 128.482 | BE30: 123.034 | BF30: 129 | BG30: 134 | BH30: 140 | BI30: 145 | BJ30: 148 | BK30: 150 | BL30: 152 | BM30: 155 | BN30: 165 | BO30: 175 | BP30: 185 | BQ30: 194 | BR30: 170 | BS30: 145 | BT30: 121 | BU30: 96 | BV30: 110 | BW30: 123 | BX30: 137 | BY30: 150 | BZ30: 109 | CA30: 88 | CB30: 67 | CC30: 83 | CD30: 98 | CE30: 89 | CF30: 94 | CG30: 109 | CH30: 129 | CI30: 89 | CJ30: 115 | CK30: 124 | CL30: 125 | CM30: 141 | CN30: 94 | CO30: 93 | CP30: 93 | CQ30: 119 | CR30: 132 | CS30: 41 | CT30: 89 | CU30: 118 | CV30: 123 | CW30: 80 | CX30: 91 | CY30: 104 | CZ30: 115 | DA30: 119 | DB30: 410 | DC30: 470 | DD30: 460 | DE30: 520 | DF30: 562 | DG30: 580 | EG30: =(Z30-Y30)/Y30 -> -0.076923077 | EH30: =(AA30-Z30)/Z30 -> -0.083333333 | EI30: =(AB30-AA30)/AA30 -> -0.060606061 | EJ30: =(AC30-AB30)/AB30 -> -0.096774194 | EK30: =(AD30-AC30)/AC30 -> 0.32142857 | EL30: =(AE30-AD30)/AD30 -> 0.24324324 | EM30: =(AF30-AE30)/AE30 -> 0.19565217 | EN30: =(AG30-AF30)/AF30 -> 0.18181818 | ... HN30: =(DG30-DF30)/DF30 -> 0.03202847 | HP30: =AVERAGE(DK30:HN30) -> 0.077580098 | HQ30: =AVERAGE(GI30:HN30) -> 0.13950204 | HR30: =AVERAGE(GI30:HK30,HN30) -> 0.14176204 | HS30: =MEDIAN($DK30:$HN30) -> 0.039379845 | HT30: =MEDIAN($GI30:$HN30) -> 0.093269231 | HU30: =MEDIAN($GI30:$HK30,$HN30) -> 0.09201505 | HW30: Tellurium | HX30: (By-product Cu)
A31: (Lundaev et al, 2023) | B31: Terbium | BM31: 8.1609334 | BN31: 8.6113759 | BO31: 12.456291 | BP31: 16.068929 | BQ31: 17.511144 | BR31: 14.929134 | BS31: 14.35218 | BT31: 11.638302 | BU31: 18.883131 | BV31: 21.994399 | BW31: 41.51689 | BX31: 42.134654 | BY31: 43.562501 | BZ31: 47.991512 | CA31: 52.694972 | CB31: 50.850181 | CC31: 43.91857 | CD31: 42.184476 | CE31: 52.384814 | CF31: 49.567381 | CG31: 88.710477 | CH31: 97.26914 | CI31: 93.7655 | CJ31: 113.47385 | CK31: 119.9074 | CL31: 125.01097 | CM31: 138.12805 | CN31: 150.752 | CO31: 157.66848 | CP31: 169.08258 | CQ31: 203.04789 | CR31: 227.09767 | CS31: 206.34739 | CT31: 212.24208 | CU31: 220.21146 | CV31: 202.66333 | CW31: 180.74375 | CX31: 172.23092 | CY31: 162.8671 | CZ31: 241.06318 | DA31: 244.7304 | DB31: 257.63458 | DC31: 286.00591 | DD31: 381.10463 | DE31: 373.37688 | DF31: 313.81338 | FU31: =(BN31-BM31)/BM31 -> 0.055194974 | FV31: =(BO31-BN31)/BN31 -> 0.44649257 | FW31: =(BP31-BO31)/BO31 -> 0.29002512 | FX31: =(BQ31-BP31)/BP31 -> 0.089751798 | FY31: =(BR31-BQ31)/BQ31 -> -0.14744953 | FZ31: =(BS31-BR31)/BR31 -> -0.038646187 | GA31: =(BT31-BS31)/BS31 -> -0.18909168 | GB31: =(BU31-BT31)/BT31 -> 0.62249885 | ... HM31: =(DF31-DE31)/DE31 -> -0.15952647 | HP31: =AVERAGE(DK31:HN31) -> 0.10436988 | HQ31: =AVERAGE(GI31:HN31) -> 0.073130603 | HR31: =AVERAGE(GI31:HK31,HN31) -> 0.084374221 | HS31: =MEDIAN($DK31:$HN31) -> 0.052728158 | HT31: =MEDIAN($GI31:$HN31) -> 0.04256259 | HU31: =MEDIAN($GI31:$HK31,$HN31) -> 0.045879838 | HW31: Terbium | HX31: 0.045879838 | HY31: 1990-2022 / covid
A32: (BGS, sd*) | B32: Tungsten, mine | BT32: 47831 | BU32: 43150 | BV32: 47459 | BW32: 49480 | BX32: 47768 | BY32: 40716 | BZ32: 46407 | CA32: 51900 | CB32: 52184 | CC32: 48268 | CD32: 41004 | CE32: 34395 | CF32: 33677 | CG32: 37589 | CH32: 36262 | CI32: 34526 | CJ32: 30823 | CK32: 26696 | CL32: 30644 | CM32: 35143 | CN32: 45419 | CO32: 48031 | CP32: 66912 | CQ32: 60619 | CR32: 60347 | CS32: 58360 | CT32: 66737 | CU32: 63310 | CV32: 63419 | CW32: 73025 | CX32: 74018 | CY32: 76651 | CZ32: 80634 | DA32: 83011 | DB32: 80393 | DC32: 83573 | DD32: 81133 | DE32: 89822 | DF32: 92572 | DG32: 99651 | DH32: 99276 | GB32: =(BU32-BT32)/BT32 -> -0.097865401 | GC32: =(BV32-BU32)/BU32 -> 0.09986095 | GD32: =(BW32-BV32)/BV32 -> 0.042584125 | GE32: =(BX32-BW32)/BW32 -> -0.034599838 | GF32: =(BY32-BX32)/BX32 -> -0.14763021 | GG32: =(BZ32-BY32)/BY32 -> 0.13977306 | GH32: =(CA32-BZ32)/BZ32 -> 0.11836576 | GI32: =(CB32-CA32)/CA32 -> 0.0054720617 | ... HN32: =(DG32-DF32)/DF32 -> 0.076470207 | HP32: =AVERAGE(DK32:HN32) -> 0.025268226 | HQ32: =AVERAGE(GI32:HN32) -> 0.027030387 | HR32: =AVERAGE(GI32:HK32,HN32) -> 0.024242017 | HS32: =MEDIAN($DK32:$HN32) -> 0.013598083 | HT32: =MEDIAN($GI32:$HN32) -> 0.0095350723 | HU32: =MEDIAN($GI32:$HK32,$HN32) -> 0.0035968743 | HW32: Tungsten | HX32: =MEDIAN($GI32:$HN32) -> 0.0095350723 | HY32: 1990-2022
A33: (International Tin Association, 2018) | B33: Tin | J33: 82392.027 | T33: 159468.44 | AD33: 111627.91 | AN33: 164784.05 | AX33: 198449.61 | BH33: 223698.78 | BR33: 220598.01 | CB33: 228571.43 | CL33: 276411.96 | CV33: 349944.63 | DF33: 341528.24 | DQ33: =(T33-J33)/(10*J33) -> 0.093548387 | EA33: =(AD33-T33)/(10*T33) -> -0.03 | EK33: =(AN33-AD33)/(10*AD33) -> 0.047619048 | EU33: =(AX33-AN33)/(10*AN33) -> 0.020430108 | FE33: =(BH33-AX33)/(10*AX33) -> 0.012723214 | FO33: =(BR33-BH33)/(10*BH33) -> -0.0013861386 | FY33: =(CB33-BR33)/(10*BR33) -> 0.0036144578 | GI33: =(CL33-CB33)/(10*CB33) -> 0.020930233 | GS33: =(CV33-CL33)/(10*CL33) -> 0.026602564 | HC33: =(DF33-CV33)/(10*CV33) -> -0.0024050633 | HM33: =(DP33-DF33)/(10*DF33) -> -0.1 | HP33: =AVERAGE(DK33:HN33) -> 0.0083342554 | HQ33: =AVERAGE(GI33:HN33) -> -0.013718067 | HR33: =AVERAGE(GI33:HK33,HN33) -> 0.015042578 | HS33: =MEDIAN($DK33:$HN33) -> 0.012723214 | HT33: =MEDIAN($GI33:$HN33) -> 0.0092625846 | HU33: =MEDIAN($GI33:$HK33,$HN33) -> 0.020930233 | HW33: Tin | HX33: 0.020930233 | HY33: 1990-2022 / covid
A34: (Lundaev et al, 2023) | B34: Vanadium | J34: 2352 | K34: 2352 | L34: 2352 | M34: 3304 | N34: 4256 | O34: 5208 | P34: 6160 | Q34: 6036.8 | R34: 5913.6 | S34: 5791.52 | T34: 5668.32 | U34: 4368 | V34: 3024 | W34: 1680 | X34: 366.24 | Y34: 1008 | Z34: 1680 | AA34: 2352 | AB34: 2942.24 | AC34: 3248 | AD34: 3584 | AE34: 3886.4 | AF34: 4180.96 | AG34: 3584 | AH34: 2912 | AI34: 2240 | AJ34: 1584.8 | AK34: 1960 | AL34: 2352 | AM34: 2727.2 | AN34: 3101.28 | AO34: 4490.08 | AP34: 3541.44 | AQ34: 5556.32 | AR34: 5712 | AS34: 5729.92 | AT34: 5997.6 | AU34: 7817.6 | AV34: 8500.8 | AW34: 8998.08 | AX34: 10416 | AY34: 9856 | AZ34: 10640 | BA34: 9408 | BB34: 8624 | BC34: 9632 | BD34: 9856 | BE34: 9632 | BF34: 10976 | BG34: 10640 | BH34: 18800 | BI34: 17100 | BJ34: 18500 | BK34: 19600 | BL34: 19900 | BM34: 26000 | BN34: 29400 | BO34: 30300 | BP34: 28700 | BQ34: 30600 | BR34: 38000 | BS34: 35000 | BT34: 32800 | BU34: 28200 | BV34: 31100 | BW34: 31700 | BX34: 32500 | BY34: 31900 | BZ34: 33600 | CA34: 35900 | CB34: 33900 | CC34: 31300 | CD34: 28200 | CE34: 33400 | CF34: 33900 | CG34: 33700 | CH34: 35100 | CI34: 37100 | CJ34: 41800 | CK34: 42800 | CL34: 43000 | CM34: 58000 | CN34: 60000 | CO34: 41000 | CP34: 40200 | CQ34: 58200 | CR34: 55700 | CS34: 58500 | CT34: 55500 | CU34: 53500 | CV34: 57600 | CW34: 62400 | CX34: 74000 | CY34: 79000 | CZ34: 82700 | DA34: 77800 | DB34: 79000 | DC34: 71200 | DD34: 71200 | DE34: 86800 | DF34: 105000 | DG34: 110000 | DR34: =(K34-J34)/J34 -> 0 | DS34: =(L34-K34)/K34 -> 0 | DT34: =(M34-L34)/L34 -> 0.4047619 | DU34: =(N34-M34)/M34 -> 0.28813559 | DV34: =(O34-N34)/N34 -> 0.22368421 | DW34: =(P34-O34)/O34 -> 0.1827957 | DX34: =(Q34-P34)/P34 -> -0.02 | DY34: =(R34-Q34)/Q34 -> -0.020408163 | ... HN34: =(DG34-DF34)/DF34 -> 0.047619048 | HP34: =AVERAGE(DK34:HN34) -> 0.069938878 | HQ34: =AVERAGE(GI34:HN34) -> 0.044525885 | HR34: =AVERAGE(GI34:HK34,HN34) -> 0.03320166 | HS34: =MEDIAN($DK34:$HN34) -> 0.041543027 | HT34: =MEDIAN($GI34:$HN34) -> 0.029203102 | HU34: =MEDIAN($GI34:$HK34,$HN34) -> 0.019673805 | HW34: Vanadium | HX34: 0.041543027 | HY34: All years
A35: (Lundaev et al, 2023) | B35: Yttrium | BM35: 77.232409 | BN35: 80.373034 | BO35: 112.94942 | BP35: 137.38745 | BQ35: 150.45612 | BR35: 129.36273 | BS35: 125.79004 | BT35: 104.83627 | BU35: 159.878 | BV35: 190.66091 | BW35: 561.48961 | BX35: 606.56802 | BY35: 698.36051 | BZ35: 809.77977 | CA35: 885.69117 | CB35: 789.9407 | CC35: 723.11068 | CD35: 876.60632 | CE35: 928.41923 | CF35: 930.07411 | CG35: 1884.8203 | CH35: 2046.8833 | CI35: 1960.9443 | CJ35: 2379.8182 | CK35: 2546.7838 | CL35: 2662.8615 | CM35: 2942.0278 | CN35: 3212.8866 | CO35: 3356.4605 | CP35: 3590.7758 | CQ35: 4336.3333 | CR35: 4854.5643 | CS35: 4410.3247 | CT35: 4538.9423 | CU35: 4707.8899 | CV35: 4325.7148 | CW35: 3835.0995 | CX35: 3662.776 | CY35: 3471.4246 | CZ35: 5102.5535 | DA35: 5135.9236 | DB35: 5357.2539 | DC35: 5928.8169 | DD35: 7920.476 | DE35: 7750.5119 | DF35: 6423.4613 | FU35: =(BN35-BM35)/BM35 -> 0.040664598 | FV35: =(BO35-BN35)/BN35 -> 0.40531485 | FW35: =(BP35-BO35)/BO35 -> 0.21636266 | FX35: =(BQ35-BP35)/BP35 -> 0.095122701 | FY35: =(BR35-BQ35)/BQ35 -> -0.14019626 | FZ35: =(BS35-BR35)/BR35 -> -0.027617637 | GA35: =(BT35-BS35)/BS35 -> -0.16657736 | GB35: =(BU35-BT35)/BT35 -> 0.52502561 | ... HM35: =(DF35-DE35)/DE35 -> -0.17122102 | HP35: =AVERAGE(DK35:HN35) -> 0.13648701 | HQ35: =AVERAGE(GI35:HN35) -> 0.082948711 | HR35: =AVERAGE(GI35:HK35,HN35) -> 0.095313444 | HS35: =MEDIAN($DK35:$HN35) -> 0.069810238 | HT35: =MEDIAN($GI35:$HN35) -> 0.044686885 | HU35: =MEDIAN($GI35:$HK35,$HN35) -> 0.045578176 | HW35: Yttrium | HX35: 0.045578176 | HY35: 1990-2022 / covid
A36: (Lundaev et al, 2023) | B36: Zinc | J36: 789600 | K36: 480480 | L36: 764960 | M36: 1043840 | N36: 1108800 | O36: 1254400 | P36: 1355200 | Q36: 1456000 | R36: 1556800 | S36: 1601600 | T36: 1534400 | U36: 1097600 | V36: 873600 | W36: 1086400 | X36: 1288000 | Y36: 1467200 | Z36: 1624000 | AA36: 1803200 | AB36: 1736000 | AC36: 1792000 | AD36: 1803200 | AE36: 1948800 | AF36: 2004800 | AG36: 2027200 | AH36: 1808800 | AI36: 1394400 | AJ36: 1540000 | AK36: 1756160 | AL36: 1914080 | AM36: 2074240 | AN36: 2172800 | AO36: 2334080 | AP36: 2460640 | AQ36: 2600640 | AR36: 2646560 | AS36: 2912000 | AT36: 3024000 | AU36: 3136000 | AV36: 3024000 | AW36: 3136000 | AX36: 3248000 | AY36: 3584000 | AZ36: 3696000 | BA36: 3920000 | BB36: 4368000 | BC36: 4592000 | BD36: 4816000 | BE36: 5152000 | BF36: 5264000 | BG36: 5712000 | BH36: 5400000 | BI36: 5400000 | BJ36: 5600000 | BK36: 5700000 | BL36: 5700000 | BM36: 6200000 | BN36: 6200000 | BO36: 6600000 | BP36: 6400000 | BQ36: 6300000 | BR36: 6200000 | BS36: 6100000 | BT36: 6400000 | BU36: 6500000 | BV36: 6800000 | BW36: 7100000 | BX36: 7000000 | BY36: 7400000 | BZ36: 7100000 | CA36: 7300000 | CB36: 7160000 | CC36: 7260000 | CD36: 7230000 | CE36: 6960000 | CF36: 6810000 | CG36: 7120000 | CH36: 7440000 | CI36: 7460000 | CJ36: 7550000 | CK36: 8040000 | CL36: 8730000 | CM36: 8850000 | CN36: 8360000 | CO36: 9010000 | CP36: 9600000 | CQ36: 9800000 | CR36: 10000000 | CS36: 10900000 | CT36: 11600000 | CU36: 11200000 | CV36: 12000000 | CW36: 12800000 | CX36: 13500000 | CY36: 13400000 | CZ36: 13300000 | DA36: 12800000 | DB36: 12600000 | DC36: 12500000 | DD36: 12500000 | DE36: 12700000 | DF36: 12000000 | DG36: 13000000 | DR36: =(K36-J36)/J36 -> -0.39148936 | DS36: =(L36-K36)/K36 -> 0.59207459 | DT36: =(M36-L36)/L36 -> 0.36456808 | DU36: =(N36-M36)/M36 -> 0.06223176 | DV36: =(O36-N36)/N36 -> 0.13131313 | DW36: =(P36-O36)/O36 -> 0.080357143 | DX36: =(Q36-P36)/P36 -> 0.074380165 | DY36: =(R36-Q36)/Q36 -> 0.069230769 | ... HN36: =(DG36-DF36)/DF36 -> 0.083333333 | HP36: =AVERAGE(DK36:HN36) -> 0.03357319 | HQ36: =AVERAGE(GI36:HN36) -> 0.019101968 | HR36: =AVERAGE(GI36:HK36,HN36) -> 0.02167937 | HS36: =MEDIAN($DK36:$HN36) -> 0.037037037 | HT36: =MEDIAN($GI36:$HN36) -> 0.013856092 | HU36: =MEDIAN($GI36:$HK36,$HN36) -> 0.013856092 | HW36: Zinc | HX36: 0.037037037 | HY36: All years
A37: (Lundaev et al, 2023) | B37: Zirconium | Y37: 988.88954 | Z37: 994.4451 | AA37: 997.22288 | AB37: 1000.0007 | AC37: 2416.6683 | AD37: 3833.3359 | AE37: 5250.0035 | AF37: 6666.6711 | AG37: 8472.2278 | AH37: 10277.785 | AI37: 12083.341 | AJ37: 13888.898 | AK37: 17222.234 | AL37: 20000.013 | AM37: 22777.793 | AN37: 25555.572 | AO37: 25416.683 | AP37: 25277.794 | AQ37: 25138.905 | AR37: 25000.016 | AS37: 33333.355 | AT37: 41111.138 | AU37: 49444.477 | AV37: 57222.26 | AW37: 63333.375 | AX37: 69444.49 | AY37: 75555.605 | AZ37: 81111.165 | BA37: 93888.951 | BB37: 106666.74 | BC37: 119444.52 | BD37: 132222.31 | BE37: 165555.66 | BF37: 198333.46 | BG37: 231111.26 | BH37: 236210.47 | BI37: 248809.69 | BJ37: 320436.72 | BK37: 241418.81 | BL37: 255357.31 | BM37: 274305.74 | BN37: 291170.83 | BO37: 283234.31 | BP37: 290178.76 | BQ37: 342262.13 | BR37: 377976.44 | BS37: 354662.93 | BT37: 367063.73 | BU37: 356647.06 | BV37: 390377.24 | BW37: 438988.38 | BX37: 408234.4 | BY37: 418155.04 | BZ37: 470734.44 | CA37: 475694.76 | CB37: 422619.33 | CC37: 394345.5 | CD37: 383928.82 | CE37: 390377.24 | CF37: 441468.55 | CG37: 444940.77 | CH37: 425099.49 | CI37: 459325.7 | CJ37: 403770.11 | CK37: 466270.15 | CL37: 515873.36 | CM37: 446428.87 | CN37: 411706.62 | CO37: 426587.58 | CP37: 421627.26 | CQ37: 436508.22 | CR37: 585317.85 | CS37: 709325.86 | CT37: 634921.05 | CU37: 575397.2 | CV37: 620040.09 | CW37: 803571.96 | CX37: 724206.83 | CY37: 749008.43 | CZ37: 704365.54 | DA37: 753968.75 | DB37: 654762.34 | DC37: 768849.71 | DD37: 734127.47 | DE37: 704365.54 | DF37: 595238.49 | DG37: 595238.49 | EG37: =(Z37-Y37)/Y37 -> 0.0056179775 | EH37: =(AA37-Z37)/Z37 -> 0.0027932961 | EI37: =(AB37-AA37)/AA37 -> 0.0027855153 | EJ37: =(AC37-AB37)/AB37 -> 1.4166667 | EK37: =(AD37-AC37)/AC37 -> 0.5862069 | EL37: =(AE37-AD37)/AD37 -> 0.36956522 | EM37: =(AF37-AE37)/AE37 -> 0.26984127 | EN37: =(AG37-AF37)/AF37 -> 0.27083333 | ... HN37: =(DG37-DF37)/DF37 -> 0 | HP37: =AVERAGE(DK37:HN37) -> 0.090999646 | HQ37: =AVERAGE(GI37:HN37) -> 0.014070506 | HR37: =AVERAGE(GI37:HK37,HN37) -> 0.02152421 | HS37: =MEDIAN($DK37:$HN37) -> 0.071975973 | HT37: =MEDIAN($GI37:$HN37) -> -0.0058139535 | HU37: =MEDIAN($GI37:$HK37,$HN37) -> 0.0039325843 | HW37: Zirconium | HX37: 0.071975973 | HY37: All years
A39: Ref | B39: Metal host
A40: (Lundaev et al, 2023) | B40: Titanium | J40: 3289.1856 | K40: 4312.8607 | L40: 5336.5358 | M40: 6360.2109 | N40: 7383.886 | O40: 12250.538 | P40: 17117.19 | Q40: 22151.658 | R40: 26850.495 | S40: 30878.069 | T40: 34905.643 | U40: 38933.217 | V40: 42960.791 | W40: 63769.925 | X40: 85250.32 | Y40: 128211.11 | Z40: 147677.72 | AA40: 167815.59 | AB40: 213461.43 | AC40: 196008.61 | AD40: 179227.05 | AE40: 161774.23 | AF40: 144992.67 | AG40: 196679.87 | AH40: 249038.34 | AI40: 301396.8 | AJ40: 353084 | AK40: 416182.67 | AL40: 478610.07 | AM40: 541708.73 | AN40: 604136.13 | AO40: 832365.33 | AP40: 765239.1 | AQ40: 677974.99 | AR40: 889422.63 | AS40: 1074019.8 | AT40: 1396225.7 | AU40: 1611029.7 | AV40: 1275398.5 | AW40: 1409651 | AX40: 1747295.9 | AY40: 1862753.1 | AZ40: 1633852.6 | BA40: 1743939.6 | BB40: 2209795.7 | BC40: 2228591.1 | BD40: 2315855.2 | BE40: 2546769.4 | BF40: 2688405.8 | BG40: 2862934 | BH40: 3094999 | BI40: 2932577.5 | BJ40: 2902610.4 | BK40: 3092601.6 | BL40: 3111181.2 | BM40: 1389273.4 | BN40: 1527721.2 | BO40: 1511539 | BP40: 1572671.8 | BQ40: 1682950.6 | BR40: 2218162.5 | BS40: 2156430.3 | BT40: 1832786 | BU40: 1596645.5 | BV40: 1857958.3 | BW40: 2327842 | BX40: 2310461.1 | BY40: 2554393 | BZ40: 2558588.4 | CA40: 2830689.4 | CB40: 2728801.4 | CC40: 2318851.9 | CD40: 2299672.9 | CE40: 2423736.6 | CF40: 2157629 | CG40: 2285888.1 | CH40: 2406355.7 | CI40: 2430329.4 | CJ40: 2768957.3 | CK40: 2697036.3 | CL40: 2816904.6 | CM40: 2996707 | CN40: 2876838.7 | CO40: 3176509.4 | CP40: 2996707 | CQ40: 3116575.3 | CR40: 3476180.1 | CS40: 3769857.4 | CT40: 3829791.5 | CU40: 3476180.1 | CV40: 3835784.9 | CW40: 4015587.4 | CX40: 4333238.3 | CY40: 4435126.3 | CZ40: 3620022 | DA40: 4159429.3 | DB40: 3775850.8 | DC40: 3775850.8 | DD40: 4471086.8 | DE40: 5034467.7 | DF40: 5154336 | DG40: 5394072.6 | DR40: =(K40-J40)/J40 -> 0.31122449 | DS40: =(L40-K40)/K40 -> 0.23735409 | DT40: =(M40-L40)/L40 -> 0.1918239 | DU40: =(N40-M40)/M40 -> 0.16094987 | DV40: =(O40-N40)/N40 -> 0.65909091 | DW40: =(P40-O40)/O40 -> 0.39726027 | DX40: =(Q40-P40)/P40 -> 0.29411765 | DY40: =(R40-Q40)/Q40 -> 0.21212121 | ... HN40: =(DG40-DF40)/DF40 -> 0.046511628 | HP40: =AVERAGE(DK40:HN40) -> 0.089499419 | HQ40: =AVERAGE(GI40:HN40) -> 0.024087423 | HR40: =AVERAGE(GI40:HK40,HN40) -> 0.020699422 | HS40: =MEDIAN($DK40:$HN40) -> 0.079104478 | HT40: =MEDIAN($GI40:$HN40) -> 0.042222222 | HU40: =MEDIAN($GI40:$HK40,$HN40) -> 0.042222222 | HW40: Titanium | HX40: 0.042222222 | HY40: 1990-2022 / covid
A43: By product estimates
A45: Method | H45: 1. Identify metals 100% by-product of a host metal (inner circle) | L45: 2. Estimate ratio of prod with Prod 2020 of by-product and host | AX45: 1900 | AY45: 1910 | AZ45: 1920 | BA45: =AZ45+10 -> 1930 | BB45: =BA45+10 -> 1940 | BC45: =BB45+10 -> 1950 | BD45: =BC45+10 -> 1960 | BE45: =BD45+10 -> 1970 | BF45: =BE45+10 -> 1980 | BG45: =BF45+10 -> 1990 | BH45: =BG45+10 -> 2000 | ... BJ45: =BI45+10 -> 2020
A46: 1. Identify metals 100% by-product of a host metal (inner circle) | H46: Metals 100% by-product | I46: Prod 2020 by-product | J46: Host | K46: Prod 2020 host | L46: Ratio of prod by product / Host | AX46: 71760.797 | AY46: 119601.33 | AZ46: 82392.027 | BA46: 159468.44 | BB46: 111627.91 | BC46: 164784.05 | BD46: 198449.61 | BE46: 223698.78 | BF46: 220598.01 | BG46: 228571.43 | BH46: 276411.96 | BI46: 349944.63 | BJ46: 341528.24
A47: 2. Estimate ratio of prod with Prod 2020 of by-product and host | H47: Cadmium | I47: 24000 | J47: Zinc | K47: 12000000 | L47: =I47/K47 -> 0.002
A48: 3. Estimate future prod of by-product, by multipling the ratio with the prod of the host (based on beta) | H48: Gallium | I48: 327 | J48: Aluminium | K48: 65100000 | L48: =I48/K48 -> 5.0230415e-06
H49: Hafnium | I49: 75 | J49: Titanium | K49: 5154336 | L49: =I49/K49 -> 1.4550856e-05
H50: Indium | I50: 960 | J50: Zinc | K50: 12000000 | L50: =I50/K50 -> 8e-05
H51: Selenium | I51: 3120 | J51: Copper | K51: 20600000 | L51: =I51/K51 -> 0.00015145631
H52: Tellurium | I52: 562 | J52: Copper | K52: 20600000 | L52: =I52/K52 -> 2.7281553e-05
H53: Zirconium | I53: 595238.49 | J53: Titanium | K53: 5154336 | L53: =I53/K53 -> 0.11548306
H56: Prod host | I56: 2020 | J56: 2030 | K56: 2040 | L56: 2050 | M56: Hp
H57: Aluminum | I57: 65100000 | J57: 1.1791063e+08 | K57: 2.1356246e+08 | L57: 3.8680927e+08 | M57: Beta
H58: Copper | I58: 20600000 | J58: 24300000 | K58: 16600000 | L58: 21529488 | M58: IEA prod estimates 2020-2040, beta prod until 2050
H59: Titanium | I59: 5154336 | J59: 7794280.2 | K59: 11786349 | L59: 17823073 | M59: Beta
H60: Zinc | I60: 12000000 | J60: 17263304 | K60: 24835139 | L60: 35728046 | M60: Beta
H62: 3. Estimate future prod of by-product, by multipling the ratio with the prod of the host (based on beta)
H63: Prod By-product | I63: 2020 | J63: 2030 | K63: 2040 | L63: 2050
H64: Cadmium | I64: =VLOOKUP($H64,$H$46:$L$53,5,TRUE())*I60 -> 24000 | J64: =VLOOKUP($H64,$H$46:$L$53,5,TRUE())*J60 -> 34526.608 | K64: =VLOOKUP($H64,$H$46:$L$53,5,TRUE())*K60 -> 49670.277 | L64: =VLOOKUP($H64,$H$46:$L$53,5,TRUE())*L60 -> 71456.091
H65: Gallium | I65: =VLOOKUP($H65,$H$46:$L$53,5,TRUE())*I57 -> 327 | J65: =VLOOKUP($H65,$H$46:$L$53,5,TRUE())*J57 -> 592.26997 | K65: =VLOOKUP($H65,$H$46:$L$53,5,TRUE())*K57 -> 1072.7331 | L65: =VLOOKUP($H65,$H$46:$L$53,5,TRUE())*L57 -> 1942.959
H66: Hafnium | I66: =VLOOKUP($H66,$H$46:$L$53,5,TRUE())*I59 -> 75 | J66: =VLOOKUP($H66,$H$46:$L$53,5,TRUE())*J59 -> 113.41345 | K66: =VLOOKUP($H66,$H$46:$L$53,5,TRUE())*K59 -> 171.50147 | L66: =VLOOKUP($H66,$H$46:$L$53,5,TRUE())*L59 -> 259.34097
H67: Indium | I67: =VLOOKUP($H67,$H$46:$L$53,5,TRUE())*I60 -> 960 | J67: =VLOOKUP($H67,$H$46:$L$53,5,TRUE())*J60 -> 1381.0643 | K67: =VLOOKUP($H67,$H$46:$L$53,5,TRUE())*K60 -> 1986.8111 | L67: =VLOOKUP($H67,$H$46:$L$53,5,TRUE())*L60 -> 2858.2437
H68: Selenium | I68: =VLOOKUP($H68,$H$46:$L$53,5,TRUE())*I58 -> 3120 | J68: =VLOOKUP($H68,$H$46:$L$53,5,TRUE())*J58 -> 3680.3883 | K68: =VLOOKUP($H68,$H$46:$L$53,5,TRUE())*K58 -> 2514.1748 | L68: =VLOOKUP($H68,$H$46:$L$53,5,TRUE())*L58 -> 3260.7768
H69: Tellurium | I69: =VLOOKUP($H69,$H$46:$L$53,5,TRUE())*I58 -> 562 | J69: =VLOOKUP($H69,$H$46:$L$53,5,TRUE())*J58 -> 662.94175 | K69: =VLOOKUP($H69,$H$46:$L$53,5,TRUE())*K58 -> 452.87379 | L69: =VLOOKUP($H69,$H$46:$L$53,5,TRUE())*L58 -> 587.35786
H70: Zirconium | I70: =VLOOKUP($H70,$H$46:$L$53,5,TRUE())*I59 -> 595238.49 | J70: =VLOOKUP($H70,$H$46:$L$53,5,TRUE())*J59 -> 900107.32 | K70: =VLOOKUP($H70,$H$46:$L$53,5,TRUE())*K59 -> 1361123.7 | L70: =VLOOKUP($H70,$H$46:$L$53,5,TRUE())*L59 -> 2058263
A73: (Nassar et al., 2015, Fig 2)
