Workbook

Sheet Market_Shares
A1: Raw IAM decade data
A2: Decade | B2: DD-EESG | C2: GB-DFIG_SCIG | D2: DD-PMSG | E2: GB-PMSG
A3: 2010 | B3: 0.06031746 | C3: 0.6031746 | D3: 0.18888889 | E3: 0.14761905
A4: 2020 | B4: 0.06031746 | C4: 0.6031746 | D4: 0.18888889 | E4: 0.14761905
A5: 2030 | B5: 0.023809524 | C5: 0.5984127 | D5: 0.20634921 | E5: 0.17142857
A6: 2040 | B6: 0.014285714 | C6: 0.55396825 | D6: 0.23492063 | E6: 0.1968254
A7: 2050 | B7: 0 | C7: 0.503 | D7: 0.265 | E7: 0.232
A9: Interpolated shares by model year (2025/2035/2045 = linear avg of bounding decades)
A10: Year | B10: DD-EESG | C10: GB-DFIG_SCIG | D10: DD-PMSG | E10: GB-PMSG
A11: YEAR_2020 | B11: =B4 -> 0.06031746 | C11: =C4 -> 0.6031746 | D11: =D4 -> 0.18888889 | E11: =E4 -> 0.14761905
A12: YEAR_2025 | B12: =AVERAGE(B4,B5) -> 0.042063492 | C12: =AVERAGE(C4,C5) -> 0.60079365 | D12: =AVERAGE(D4,D5) -> 0.19761905 | E12: =AVERAGE(E4,E5) -> 0.15952381
A13: YEAR_2030 | B13: =B5 -> 0.023809524 | C13: =C5 -> 0.5984127 | D13: =D5 -> 0.20634921 | E13: =E5 -> 0.17142857
A14: YEAR_2035 | B14: =AVERAGE(B5,B6) -> 0.019047619 | C14: =AVERAGE(C5,C6) -> 0.57619048 | D14: =AVERAGE(D5,D6) -> 0.22063492 | E14: =AVERAGE(E5,E6) -> 0.18412698
A15: YEAR_2040 | B15: =B6 -> 0.014285714 | C15: =C6 -> 0.55396825 | D15: =D6 -> 0.23492063 | E15: =E6 -> 0.1968254
A16: YEAR_2045 | B16: =AVERAGE(B6,B7) -> 0.007142857 | C16: =AVERAGE(C6,C7) -> 0.52848413 | D16: =AVERAGE(D6,D7) -> 0.24996032 | E16: =AVERAGE(E6,E7) -> 0.2144127
A17: YEAR_2050 | B17: =B7 -> 0 | C17: =C7 -> 0.503 | D17: =D7 -> 0.265 | E17: =E7 -> 0.232

Sheet SubTech_Intensities
A1: Material | B1: DD-EESG | C1: GB-DFIG_SCIG | D1: DD-PMSG | E1: GB-PMSG
A2: Aluminum | B2: 700 | C2: 1400 | D2: 500 | E2: 1600
A3: Boron | B3: 0 | C3: 0 | D3: 6 | E3: 1
A4: Cadmium | B4: 0 | C4: 0 | D4: 0 | E4: 0
A5: Chromium | B5: 525 | C5: 470 | D5: 525 | E5: 580
A6: Cobalt | B6: 0 | C6: 0 | D6: 0 | E6: 0
A7: Concrete | B7: 369000 | C7: 355000 | D7: 243000 | E7: 413000
A8: Copper | B8: 5000 | C8: 1400 | D8: 8000 | E8: 950
A9: Dysprosium | B9: 6 | C9: 2 | D9: 17 | E9: 6
A10: Gallium | B10: 0 | C10: 0 | D10: 0 | E10: 0
A11: Germanium | B11: 0 | C11: 0 | D11: 0 | E11: 0
A12: Glass | B12: 8100 | C12: 7700 | D12: 8100 | E12: 8400
A13: Hafnium | B13: 0 | C13: 0 | D13: 0 | E13: 0
... A37: Zirconium | B37: 0 | C37: 0 | D37: 0 | E37: 0

Sheet WIND_ONSHORE_Weighted
A1: WIND_ONSHORE — weighted material intensity by year (market-share blended)
A2: Material | B2: YEAR_2020 | C2: YEAR_2025 | D2: YEAR_2030 | E2: YEAR_2035 | F2: YEAR_2040 | G2: YEAR_2045 | H2: YEAR_2050
A3: Aluminum | B3: =SubTech_Intensities!B2*Market_Shares!B11+SubTech_Intensities!C2*Market_Shares!C11+SubTech_Intensities!D2*Market_Shares!D11+SubTech_Intensities!E2*Market_Shares!E11 -> 1217.3016 | C3: =SubTech_Intensities!B2*Market_Shares!B12+SubTech_Intensities!C2*Market_Shares!C12+SubTech_Intensities!D2*Market_Shares!D12+SubTech_Intensities!E2*Market_Shares!E12 -> 1224.6032 | D3: =SubTech_Intensities!B2*Market_Shares!B13+SubTech_Intensities!C2*Market_Shares!C13+SubTech_Intensities!D2*Market_Shares!D13+SubTech_Intensities!E2*Market_Shares!E13 -> 1231.9048 | E3: =SubTech_Intensities!B2*Market_Shares!B14+SubTech_Intensities!C2*Market_Shares!C14+SubTech_Intensities!D2*Market_Shares!D14+SubTech_Intensities!E2*Market_Shares!E14 -> 1224.9206 | F3: =SubTech_Intensities!B2*Market_Shares!B15+SubTech_Intensities!C2*Market_Shares!C15+SubTech_Intensities!D2*Market_Shares!D15+SubTech_Intensities!E2*Market_Shares!E15 -> 1217.9365 | G3: =SubTech_Intensities!B2*Market_Shares!B16+SubTech_Intensities!C2*Market_Shares!C16+SubTech_Intensities!D2*Market_Shares!D16+SubTech_Intensities!E2*Market_Shares!E16 -> 1212.9183 | H3: =SubTech_Intensities!B2*Market_Shares!B17+SubTech_Intensities!C2*Market_Shares!C17+SubTech_Intensities!D2*Market_Shares!D17+SubTech_Intensities!E2*Market_Shares!E17 -> 1207.9
A4: Boron | B4: =SubTech_Intensities!B3*Market_Shares!B11+SubTech_Intensities!C3*Market_Shares!C11+SubTech_Intensities!D3*Market_Shares!D11+SubTech_Intensities!E3*Market_Shares!E11 -> 1.2809524 | C4: =SubTech_Intensities!B3*Market_Shares!B12+SubTech_Intensities!C3*Market_Shares!C12+SubTech_Intensities!D3*Market_Shares!D12+SubTech_Intensities!E3*Market_Shares!E12 -> 1.3452381 | D4: =SubTech_Intensities!B3*Market_Shares!B13+SubTech_Intensities!C3*Market_Shares!C13+SubTech_Intensities!D3*Market_Shares!D13+SubTech_Intensities!E3*Market_Shares!E13 -> 1.4095238 | E4: =SubTech_Intensities!B3*Market_Shares!B14+SubTech_Intensities!C3*Market_Shares!C14+SubTech_Intensities!D3*Market_Shares!D14+SubTech_Intensities!E3*Market_Shares!E14 -> 1.5079365 | F4: =SubTech_Intensities!B3*Market_Shares!B15+SubTech_Intensities!C3*Market_Shares!C15+SubTech_Intensities!D3*Market_Shares!D15+SubTech_Intensities!E3*Market_Shares!E15 -> 1.6063492 | G4: =SubTech_Intensities!B3*Market_Shares!B16+SubTech_Intensities!C3*Market_Shares!C16+SubTech_Intensities!D3*Market_Shares!D16+SubTech_Intensities!E3*Market_Shares!E16 -> 1.7141746 | H4: =SubTech_Intensities!B3*Market_Shares!B17+SubTech_Intensities!C3*Market_Shares!C17+SubTech_Intensities!D3*Market_Shares!D17+SubTech_Intensities!E3*Market_Shares!E17 -> 1.822
A5: Cadmium | B5: =SubTech_Intensities!B4*Market_Shares!B11+SubTech_Intensities!C4*Market_Shares!C11+SubTech_Intensities!D4*Market_Shares!D11+SubTech_Intensities!E4*Market_Shares!E11 -> 0 | C5: =SubTech_Intensities!B4*Market_Shares!B12+SubTech_Intensities!C4*Market_Shares!C12+SubTech_Intensities!D4*Market_Shares!D12+SubTech_Intensities!E4*Market_Shares!E12 -> 0 | D5: =SubTech_Intensities!B4*Market_Shares!B13+SubTech_Intensities!C4*Market_Shares!C13+SubTech_Intensities!D4*Market_Shares!D13+SubTech_Intensities!E4*Market_Shares!E13 -> 0 | E5: =SubTech_Intensities!B4*Market_Shares!B14+SubTech_Intensities!C4*Market_Shares!C14+SubTech_Intensities!D4*Market_Shares!D14+SubTech_Intensities!E4*Market_Shares!E14 -> 0 | F5: =SubTech_Intensities!B4*Market_Shares!B15+SubTech_Intensities!C4*Market_Shares!C15+SubTech_Intensities!D4*Market_Shares!D15+SubTech_Intensities!E4*Market_Shares!E15 -> 0 | G5: =SubTech_Intensities!B4*Market_Shares!B16+SubTech_Intensities!C4*Market_Shares!C16+SubTech_Intensities!D4*Market_Shares!D16+SubTech_Intensities!E4*Market_Shares!E16 -> 0 | H5: =SubTech_Intensities!B4*Market_Shares!B17+SubTech_Intensities!C4*Market_Shares!C17+SubTech_Intensities!D4*Market_Shares!D17+SubTech_Intensities!E4*Market_Shares!E17 -> 0
A6: Chromium | B6: =SubTech_Intensities!B5*Market_Shares!B11+SubTech_Intensities!C5*Market_Shares!C11+SubTech_Intensities!D5*Market_Shares!D11+SubTech_Intensities!E5*Market_Shares!E11 -> 499.94444 | C6: =SubTech_Intensities!B5*Market_Shares!B12+SubTech_Intensities!C5*Market_Shares!C12+SubTech_Intensities!D5*Market_Shares!D12+SubTech_Intensities!E5*Market_Shares!E12 -> 500.73016 | D6: =SubTech_Intensities!B5*Market_Shares!B13+SubTech_Intensities!C5*Market_Shares!C13+SubTech_Intensities!D5*Market_Shares!D13+SubTech_Intensities!E5*Market_Shares!E13 -> 501.51587 | E6: =SubTech_Intensities!B5*Market_Shares!B14+SubTech_Intensities!C5*Market_Shares!C14+SubTech_Intensities!D5*Market_Shares!D14+SubTech_Intensities!E5*Market_Shares!E14 -> 503.43651 | F6: =SubTech_Intensities!B5*Market_Shares!B15+SubTech_Intensities!C5*Market_Shares!C15+SubTech_Intensities!D5*Market_Shares!D15+SubTech_Intensities!E5*Market_Shares!E15 -> 505.35714 | G6: =SubTech_Intensities!B5*Market_Shares!B16+SubTech_Intensities!C5*Market_Shares!C16+SubTech_Intensities!D5*Market_Shares!D16+SubTech_Intensities!E5*Market_Shares!E16 -> 507.72607 | H6: =SubTech_Intensities!B5*Market_Shares!B17+SubTech_Intensities!C5*Market_Shares!C17+SubTech_Intensities!D5*Market_Shares!D17+SubTech_Intensities!E5*Market_Shares!E17 -> 510.095
A7: Cobalt | B7: =SubTech_Intensities!B6*Market_Shares!B11+SubTech_Intensities!C6*Market_Shares!C11+SubTech_Intensities!D6*Market_Shares!D11+SubTech_Intensities!E6*Market_Shares!E11 -> 0 | C7: =SubTech_Intensities!B6*Market_Shares!B12+SubTech_Intensities!C6*Market_Shares!C12+SubTech_Intensities!D6*Market_Shares!D12+SubTech_Intensities!E6*Market_Shares!E12 -> 0 | D7: =SubTech_Intensities!B6*Market_Shares!B13+SubTech_Intensities!C6*Market_Shares!C13+SubTech_Intensities!D6*Market_Shares!D13+SubTech_Intensities!E6*Market_Shares!E13 -> 0 | E7: =SubTech_Intensities!B6*Market_Shares!B14+SubTech_Intensities!C6*Market_Shares!C14+SubTech_Intensities!D6*Market_Shares!D14+SubTech_Intensities!E6*Market_Shares!E14 -> 0 | F7: =SubTech_Intensities!B6*Market_Shares!B15+SubTech_Intensities!C6*Market_Shares!C15+SubTech_Intensities!D6*Market_Shares!D15+SubTech_Intensities!E6*Market_Shares!E15 -> 0 | G7: =SubTech_Intensities!B6*Market_Shares!B16+SubTech_Intensities!C6*Market_Shares!C16+SubTech_Intensities!D6*Market_Shares!D16+SubTech_Intensities!E6*Market_Shares!E16 -> 0 | H7: =SubTech_Intensities!B6*Market_Shares!B17+SubTech_Intensities!C6*Market_Shares!C17+SubTech_Intensities!D6*Market_Shares!D17+SubTech_Intensities!E6*Market_Shares!E17 -> 0
A8: Concrete | B8: =SubTech_Intensities!B7*Market_Shares!B11+SubTech_Intensities!C7*Market_Shares!C11+SubTech_Intensities!D7*Market_Shares!D11+SubTech_Intensities!E7*Market_Shares!E11 -> 343250.79 | C8: =SubTech_Intensities!B7*Market_Shares!B12+SubTech_Intensities!C7*Market_Shares!C12+SubTech_Intensities!D7*Market_Shares!D12+SubTech_Intensities!E7*Market_Shares!E12 -> 342707.94 | D8: =SubTech_Intensities!B7*Market_Shares!B13+SubTech_Intensities!C7*Market_Shares!C13+SubTech_Intensities!D7*Market_Shares!D13+SubTech_Intensities!E7*Market_Shares!E13 -> 342165.08 | E8: =SubTech_Intensities!B7*Market_Shares!B14+SubTech_Intensities!C7*Market_Shares!C14+SubTech_Intensities!D7*Market_Shares!D14+SubTech_Intensities!E7*Market_Shares!E14 -> 341234.92 | F8: =SubTech_Intensities!B7*Market_Shares!B15+SubTech_Intensities!C7*Market_Shares!C15+SubTech_Intensities!D7*Market_Shares!D15+SubTech_Intensities!E7*Market_Shares!E15 -> 340304.76 | G8: =SubTech_Intensities!B7*Market_Shares!B16+SubTech_Intensities!C7*Market_Shares!C16+SubTech_Intensities!D7*Market_Shares!D16+SubTech_Intensities!E7*Market_Shares!E16 -> 339540.38 | H8: =SubTech_Intensities!B7*Market_Shares!B17+SubTech_Intensities!C7*Market_Shares!C17+SubTech_Intensities!D7*Market_Shares!D17+SubTech_Intensities!E7*Market_Shares!E17 -> 338776
A9: Copper | B9: =SubTech_Intensities!B8*Market_Shares!B11+SubTech_Intensities!C8*Market_Shares!C11+SubTech_Intensities!D8*Market_Shares!D11+SubTech_Intensities!E8*Market_Shares!E11 -> 2797.381 | C9: =SubTech_Intensities!B8*Market_Shares!B12+SubTech_Intensities!C8*Market_Shares!C12+SubTech_Intensities!D8*Market_Shares!D12+SubTech_Intensities!E8*Market_Shares!E12 -> 2783.9286 | D9: =SubTech_Intensities!B8*Market_Shares!B13+SubTech_Intensities!C8*Market_Shares!C13+SubTech_Intensities!D8*Market_Shares!D13+SubTech_Intensities!E8*Market_Shares!E13 -> 2770.4762 | E9: =SubTech_Intensities!B8*Market_Shares!B14+SubTech_Intensities!C8*Market_Shares!C14+SubTech_Intensities!D8*Market_Shares!D14+SubTech_Intensities!E8*Market_Shares!E14 -> 2841.9048 | F9: =SubTech_Intensities!B8*Market_Shares!B15+SubTech_Intensities!C8*Market_Shares!C15+SubTech_Intensities!D8*Market_Shares!D15+SubTech_Intensities!E8*Market_Shares!E15 -> 2913.3333 | G9: =SubTech_Intensities!B8*Market_Shares!B16+SubTech_Intensities!C8*Market_Shares!C16+SubTech_Intensities!D8*Market_Shares!D16+SubTech_Intensities!E8*Market_Shares!E16 -> 2978.9667 | H9: =SubTech_Intensities!B8*Market_Shares!B17+SubTech_Intensities!C8*Market_Shares!C17+SubTech_Intensities!D8*Market_Shares!D17+SubTech_Intensities!E8*Market_Shares!E17 -> 3044.6
A10: Dysprosium | B10: =SubTech_Intensities!B9*Market_Shares!B11+SubTech_Intensities!C9*Market_Shares!C11+SubTech_Intensities!D9*Market_Shares!D11+SubTech_Intensities!E9*Market_Shares!E11 -> 5.6650794 | C10: =SubTech_Intensities!B9*Market_Shares!B12+SubTech_Intensities!C9*Market_Shares!C12+SubTech_Intensities!D9*Market_Shares!D12+SubTech_Intensities!E9*Market_Shares!E12 -> 5.7706349 | D10: =SubTech_Intensities!B9*Market_Shares!B13+SubTech_Intensities!C9*Market_Shares!C13+SubTech_Intensities!D9*Market_Shares!D13+SubTech_Intensities!E9*Market_Shares!E13 -> 5.8761905 | E10: =SubTech_Intensities!B9*Market_Shares!B14+SubTech_Intensities!C9*Market_Shares!C14+SubTech_Intensities!D9*Market_Shares!D14+SubTech_Intensities!E9*Market_Shares!E14 -> 6.1222222 | F10: =SubTech_Intensities!B9*Market_Shares!B15+SubTech_Intensities!C9*Market_Shares!C15+SubTech_Intensities!D9*Market_Shares!D15+SubTech_Intensities!E9*Market_Shares!E15 -> 6.368254 | G10: =SubTech_Intensities!B9*Market_Shares!B16+SubTech_Intensities!C9*Market_Shares!C16+SubTech_Intensities!D9*Market_Shares!D16+SubTech_Intensities!E9*Market_Shares!E16 -> 6.635627 | H10: =SubTech_Intensities!B9*Market_Shares!B17+SubTech_Intensities!C9*Market_Shares!C17+SubTech_Intensities!D9*Market_Shares!D17+SubTech_Intensities!E9*Market_Shares!E17 -> 6.903
A11: Gallium | B11: =SubTech_Intensities!B10*Market_Shares!B11+SubTech_Intensities!C10*Market_Shares!C11+SubTech_Intensities!D10*Market_Shares!D11+SubTech_Intensities!E10*Market_Shares!E11 -> 0 | C11: =SubTech_Intensities!B10*Market_Shares!B12+SubTech_Intensities!C10*Market_Shares!C12+SubTech_Intensities!D10*Market_Shares!D12+SubTech_Intensities!E10*Market_Shares!E12 -> 0 | D11: =SubTech_Intensities!B10*Market_Shares!B13+SubTech_Intensities!C10*Market_Shares!C13+SubTech_Intensities!D10*Market_Shares!D13+SubTech_Intensities!E10*Market_Shares!E13 -> 0 | E11: =SubTech_Intensities!B10*Market_Shares!B14+SubTech_Intensities!C10*Market_Shares!C14+SubTech_Intensities!D10*Market_Shares!D14+SubTech_Intensities!E10*Market_Shares!E14 -> 0 | F11: =SubTech_Intensities!B10*Market_Shares!B15+SubTech_Intensities!C10*Market_Shares!C15+SubTech_Intensities!D10*Market_Shares!D15+SubTech_Intensities!E10*Market_Shares!E15 -> 0 | G11: =SubTech_Intensities!B10*Market_Shares!B16+SubTech_Intensities!C10*Market_Shares!C16+SubTech_Intensities!D10*Market_Shares!D16+SubTech_Intensities!E10*Market_Shares!E16 -> 0 | H11: =SubTech_Intensities!B10*Market_Shares!B17+SubTech_Intensities!C10*Market_Shares!C17+SubTech_Intensities!D10*Market_Shares!D17+SubTech_Intensities!E10*Market_Shares!E17 -> 0
A12: Germanium | B12: =SubTech_Intensities!B11*Market_Shares!B11+SubTech_Intensities!C11*Market_Shares!C11+SubTech_Intensities!D11*Market_Shares!D11+SubTech_Intensities!E11*Market_Shares!E11 -> 0 | C12: =SubTech_Intensities!B11*Market_Shares!B12+SubTech_Intensities!C11*Market_Shares!C12+SubTech_Intensities!D11*Market_Shares!D12+SubTech_Intensities!E11*Market_Shares!E12 -> 0 | D12: =SubTech_Intensities!B11*Market_Shares!B13+SubTech_Intensities!C11*Market_Shares!C13+SubTech_Intensities!D11*Market_Shares!D13+SubTech_Intensities!E11*Market_Shares!E13 -> 0 | E12: =SubTech_Intensities!B11*Market_Shares!B14+SubTech_Intensities!C11*Market_Shares!C14+SubTech_Intensities!D11*Market_Shares!D14+SubTech_Intensities!E11*Market_Shares!E14 -> 0 | F12: =SubTech_Intensities!B11*Market_Shares!B15+SubTech_Intensities!C11*Market_Shares!C15+SubTech_Intensities!D11*Market_Shares!D15+SubTech_Intensities!E11*Market_Shares!E15 -> 0 | G12: =SubTech_Intensities!B11*Market_Shares!B16+SubTech_Intensities!C11*Market_Shares!C16+SubTech_Intensities!D11*Market_Shares!D16+SubTech_Intensities!E11*Market_Shares!E16 -> 0 | H12: =SubTech_Intensities!B11*Market_Shares!B17+SubTech_Intensities!C11*Market_Shares!C17+SubTech_Intensities!D11*Market_Shares!D17+SubTech_Intensities!E11*Market_Shares!E17 -> 0
A13: Glass | B13: =SubTech_Intensities!B12*Market_Shares!B11+SubTech_Intensities!C12*Market_Shares!C11+SubTech_Intensities!D12*Market_Shares!D11+SubTech_Intensities!E12*Market_Shares!E11 -> 7903.0159 | C13: =SubTech_Intensities!B12*Market_Shares!B12+SubTech_Intensities!C12*Market_Shares!C12+SubTech_Intensities!D12*Market_Shares!D12+SubTech_Intensities!E12*Market_Shares!E12 -> 7907.5397 | D13: =SubTech_Intensities!B12*Market_Shares!B13+SubTech_Intensities!C12*Market_Shares!C13+SubTech_Intensities!D12*Market_Shares!D13+SubTech_Intensities!E12*Market_Shares!E13 -> 7912.0635 | E13: =SubTech_Intensities!B12*Market_Shares!B14+SubTech_Intensities!C12*Market_Shares!C14+SubTech_Intensities!D12*Market_Shares!D14+SubTech_Intensities!E12*Market_Shares!E14 -> 7924.7619 | F13: =SubTech_Intensities!B12*Market_Shares!B15+SubTech_Intensities!C12*Market_Shares!C15+SubTech_Intensities!D12*Market_Shares!D15+SubTech_Intensities!E12*Market_Shares!E15 -> 7937.4603 | G13: =SubTech_Intensities!B12*Market_Shares!B16+SubTech_Intensities!C12*Market_Shares!C16+SubTech_Intensities!D12*Market_Shares!D16+SubTech_Intensities!E12*Market_Shares!E16 -> 7952.9302 | H13: =SubTech_Intensities!B12*Market_Shares!B17+SubTech_Intensities!C12*Market_Shares!C17+SubTech_Intensities!D12*Market_Shares!D17+SubTech_Intensities!E12*Market_Shares!E17 -> 7968.4
A14: Hafnium | B14: =SubTech_Intensities!B13*Market_Shares!B11+SubTech_Intensities!C13*Market_Shares!C11+SubTech_Intensities!D13*Market_Shares!D11+SubTech_Intensities!E13*Market_Shares!E11 -> 0 | C14: =SubTech_Intensities!B13*Market_Shares!B12+SubTech_Intensities!C13*Market_Shares!C12+SubTech_Intensities!D13*Market_Shares!D12+SubTech_Intensities!E13*Market_Shares!E12 -> 0 | D14: =SubTech_Intensities!B13*Market_Shares!B13+SubTech_Intensities!C13*Market_Shares!C13+SubTech_Intensities!D13*Market_Shares!D13+SubTech_Intensities!E13*Market_Shares!E13 -> 0 | E14: =SubTech_Intensities!B13*Market_Shares!B14+SubTech_Intensities!C13*Market_Shares!C14+SubTech_Intensities!D13*Market_Shares!D14+SubTech_Intensities!E13*Market_Shares!E14 -> 0 | F14: =SubTech_Intensities!B13*Market_Shares!B15+SubTech_Intensities!C13*Market_Shares!C15+SubTech_Intensities!D13*Market_Shares!D15+SubTech_Intensities!E13*Market_Shares!E15 -> 0 | G14: =SubTech_Intensities!B13*Market_Shares!B16+SubTech_Intensities!C13*Market_Shares!C16+SubTech_Intensities!D13*Market_Shares!D16+SubTech_Intensities!E13*Market_Shares!E16 -> 0 | H14: =SubTech_Intensities!B13*Market_Shares!B17+SubTech_Intensities!C13*Market_Shares!C17+SubTech_Intensities!D13*Market_Shares!D17+SubTech_Intensities!E13*Market_Shares!E17 -> 0
A15: Indium | B15: =SubTech_Intensities!B14*Market_Shares!B11+SubTech_Intensities!C14*Market_Shares!C11+SubTech_Intensities!D14*Market_Shares!D11+SubTech_Intensities!E14*Market_Shares!E11 -> 0 | C15: =SubTech_Intensities!B14*Market_Shares!B12+SubTech_Intensities!C14*Market_Shares!C12+SubTech_Intensities!D14*Market_Shares!D12+SubTech_Intensities!E14*Market_Shares!E12 -> 0 | D15: =SubTech_Intensities!B14*Market_Shares!B13+SubTech_Intensities!C14*Market_Shares!C13+SubTech_Intensities!D14*Market_Shares!D13+SubTech_Intensities!E14*Market_Shares!E13 -> 0 | E15: =SubTech_Intensities!B14*Market_Shares!B14+SubTech_Intensities!C14*Market_Shares!C14+SubTech_Intensities!D14*Market_Shares!D14+SubTech_Intensities!E14*Market_Shares!E14 -> 0 | F15: =SubTech_Intensities!B14*Market_Shares!B15+SubTech_Intensities!C14*Market_Shares!C15+SubTech_Intensities!D14*Market_Shares!D15+SubTech_Intensities!E14*Market_Shares!E15 -> 0 | G15: =SubTech_Intensities!B14*Market_Shares!B16+SubTech_Intensities!C14*Market_Shares!C16+SubTech_Intensities!D14*Market_Shares!D16+SubTech_Intensities!E14*Market_Shares!E16 -> 0 | H15: =SubTech_Intensities!B14*Market_Shares!B17+SubTech_Intensities!C14*Market_Shares!C17+SubTech_Intensities!D14*Market_Shares!D17+SubTech_Intensities!E14*Market_Shares!E17 -> 0
A16: Iron | B16: =SubTech_Intensities!B15*Market_Shares!B11+SubTech_Intensities!C15*Market_Shares!C11+SubTech_Intensities!D15*Market_Shares!D11+SubTech_Intensities!E15*Market_Shares!E11 -> 129193.4 | C16: =SubTech_Intensities!B15*Market_Shares!B12+SubTech_Intensities!C15*Market_Shares!C12+SubTech_Intensities!D15*Market_Shares!D12+SubTech_Intensities!E15*Market_Shares!E12 -> 128758.56 | D16: =SubTech_Intensities!B15*Market_Shares!B13+SubTech_Intensities!C15*Market_Shares!C13+SubTech_Intensities!D15*Market_Shares!D13+SubTech_Intensities!E15*Market_Shares!E13 -> 128323.73 | E16: =SubTech_Intensities!B15*Market_Shares!B14+SubTech_Intensities!C15*Market_Shares!C14+SubTech_Intensities!D15*Market_Shares!D14+SubTech_Intensities!E15*Market_Shares!E14 -> 128166.58 | F16: =SubTech_Intensities!B15*Market_Shares!B15+SubTech_Intensities!C15*Market_Shares!C15+SubTech_Intensities!D15*Market_Shares!D15+SubTech_Intensities!E15*Market_Shares!E15 -> 128009.42 | G16: =SubTech_Intensities!B15*Market_Shares!B16+SubTech_Intensities!C15*Market_Shares!C16+SubTech_Intensities!D15*Market_Shares!D16+SubTech_Intensities!E15*Market_Shares!E16 -> 127787.86 | H16: =SubTech_Intensities!B15*Market_Shares!B17+SubTech_Intensities!C15*Market_Shares!C17+SubTech_Intensities!D15*Market_Shares!D17+SubTech_Intensities!E15*Market_Shares!E17 -> 127566.31
A17: Lead | B17: =SubTech_Intensities!B16*Market_Shares!B11+SubTech_Intensities!C16*Market_Shares!C11+SubTech_Intensities!D16*Market_Shares!D11+SubTech_Intensities!E16*Market_Shares!E11 -> 0 | C17: =SubTech_Intensities!B16*Market_Shares!B12+SubTech_Intensities!C16*Market_Shares!C12+SubTech_Intensities!D16*Market_Shares!D12+SubTech_Intensities!E16*Market_Shares!E12 -> 0 | D17: =SubTech_Intensities!B16*Market_Shares!B13+SubTech_Intensities!C16*Market_Shares!C13+SubTech_Intensities!D16*Market_Shares!D13+SubTech_Intensities!E16*Market_Shares!E13 -> 0 | E17: =SubTech_Intensities!B16*Market_Shares!B14+SubTech_Intensities!C16*Market_Shares!C14+SubTech_Intensities!D16*Market_Shares!D14+SubTech_Intensities!E16*Market_Shares!E14 -> 0 | F17: =SubTech_Intensities!B16*Market_Shares!B15+SubTech_Intensities!C16*Market_Shares!C15+SubTech_Intensities!D16*Market_Shares!D15+SubTech_Intensities!E16*Market_Shares!E15 -> 0 | G17: =SubTech_Intensities!B16*Market_Shares!B16+SubTech_Intensities!C16*Market_Shares!C16+SubTech_Intensities!D16*Market_Shares!D16+SubTech_Intensities!E16*Market_Shares!E16 -> 0 | H17: =SubTech_Intensities!B16*Market_Shares!B17+SubTech_Intensities!C16*Market_Shares!C17+SubTech_Intensities!D16*Market_Shares!D17+SubTech_Intensities!E16*Market_Shares!E17 -> 0
A18: Lithium | B18: =SubTech_Intensities!B17*Market_Shares!B11+SubTech_Intensities!C17*Market_Shares!C11+SubTech_Intensities!D17*Market_Shares!D11+SubTech_Intensities!E17*Market_Shares!E11 -> 0 | C18: =SubTech_Intensities!B17*Market_Shares!B12+SubTech_Intensities!C17*Market_Shares!C12+SubTech_Intensities!D17*Market_Shares!D12+SubTech_Intensities!E17*Market_Shares!E12 -> 0 | D18: =SubTech_Intensities!B17*Market_Shares!B13+SubTech_Intensities!C17*Market_Shares!C13+SubTech_Intensities!D17*Market_Shares!D13+SubTech_Intensities!E17*Market_Shares!E13 -> 0 | E18: =SubTech_Intensities!B17*Market_Shares!B14+SubTech_Intensities!C17*Market_Shares!C14+SubTech_Intensities!D17*Market_Shares!D14+SubTech_Intensities!E17*Market_Shares!E14 -> 0 | F18: =SubTech_Intensities!B17*Market_Shares!B15+SubTech_Intensities!C17*Market_Shares!C15+SubTech_Intensities!D17*Market_Shares!D15+SubTech_Intensities!E17*Market_Shares!E15 -> 0 | G18: =SubTech_Intensities!B17*Market_Shares!B16+SubTech_Intensities!C17*Market_Shares!C16+SubTech_Intensities!D17*Market_Shares!D16+SubTech_Intensities!E17*Market_Shares!E16 -> 0 | H18: =SubTech_Intensities!B17*Market_Shares!B17+SubTech_Intensities!C17*Market_Shares!C17+SubTech_Intensities!D17*Market_Shares!D17+SubTech_Intensities!E17*Market_Shares!E17 -> 0
A19: Magnesium | B19: =SubTech_Intensities!B18*Market_Shares!B11+SubTech_Intensities!C18*Market_Shares!C11+SubTech_Intensities!D18*Market_Shares!D11+SubTech_Intensities!E18*Market_Shares!E11 -> 0 | C19: =SubTech_Intensities!B18*Market_Shares!B12+SubTech_Intensities!C18*Market_Shares!C12+SubTech_Intensities!D18*Market_Shares!D12+SubTech_Intensities!E18*Market_Shares!E12 -> 0 | D19: =SubTech_Intensities!B18*Market_Shares!B13+SubTech_Intensities!C18*Market_Shares!C13+SubTech_Intensities!D18*Market_Shares!D13+SubTech_Intensities!E18*Market_Shares!E13 -> 0 | E19: =SubTech_Intensities!B18*Market_Shares!B14+SubTech_Intensities!C18*Market_Shares!C14+SubTech_Intensities!D18*Market_Shares!D14+SubTech_Intensities!E18*Market_Shares!E14 -> 0 | F19: =SubTech_Intensities!B18*Market_Shares!B15+SubTech_Intensities!C18*Market_Shares!C15+SubTech_Intensities!D18*Market_Shares!D15+SubTech_Intensities!E18*Market_Shares!E15 -> 0 | G19: =SubTech_Intensities!B18*Market_Shares!B16+SubTech_Intensities!C18*Market_Shares!C16+SubTech_Intensities!D18*Market_Shares!D16+SubTech_Intensities!E18*Market_Shares!E16 -> 0 | H19: =SubTech_Intensities!B18*Market_Shares!B17+SubTech_Intensities!C18*Market_Shares!C17+SubTech_Intensities!D18*Market_Shares!D17+SubTech_Intensities!E18*Market_Shares!E17 -> 0
A20: Manganese | B20: =SubTech_Intensities!B19*Market_Shares!B11+SubTech_Intensities!C19*Market_Shares!C11+SubTech_Intensities!D19*Market_Shares!D11+SubTech_Intensities!E19*Market_Shares!E11 -> 785.44444 | C20: =SubTech_Intensities!B19*Market_Shares!B12+SubTech_Intensities!C19*Market_Shares!C12+SubTech_Intensities!D19*Market_Shares!D12+SubTech_Intensities!E19*Market_Shares!E12 -> 785.5873 | D20: =SubTech_Intensities!B19*Market_Shares!B13+SubTech_Intensities!C19*Market_Shares!C13+SubTech_Intensities!D19*Market_Shares!D13+SubTech_Intensities!E19*Market_Shares!E13 -> 785.73016 | E20: =SubTech_Intensities!B19*Market_Shares!B14+SubTech_Intensities!C19*Market_Shares!C14+SubTech_Intensities!D19*Market_Shares!D14+SubTech_Intensities!E19*Market_Shares!E14 -> 786.07936 | F20: =SubTech_Intensities!B19*Market_Shares!B15+SubTech_Intensities!C19*Market_Shares!C15+SubTech_Intensities!D19*Market_Shares!D15+SubTech_Intensities!E19*Market_Shares!E15 -> 786.42857 | G20: =SubTech_Intensities!B19*Market_Shares!B16+SubTech_Intensities!C19*Market_Shares!C16+SubTech_Intensities!D19*Market_Shares!D16+SubTech_Intensities!E19*Market_Shares!E16 -> 786.85929 | H20: =SubTech_Intensities!B19*Market_Shares!B17+SubTech_Intensities!C19*Market_Shares!C17+SubTech_Intensities!D19*Market_Shares!D17+SubTech_Intensities!E19*Market_Shares!E17 -> 787.29
A21: Molybdenum | B21: =SubTech_Intensities!B20*Market_Shares!B11+SubTech_Intensities!C20*Market_Shares!C11+SubTech_Intensities!D20*Market_Shares!D11+SubTech_Intensities!E20*Market_Shares!E11 -> 104.44444 | C21: =SubTech_Intensities!B20*Market_Shares!B12+SubTech_Intensities!C20*Market_Shares!C12+SubTech_Intensities!D20*Market_Shares!D12+SubTech_Intensities!E20*Market_Shares!E12 -> 104.5873 | D21: =SubTech_Intensities!B20*Market_Shares!B13+SubTech_Intensities!C20*Market_Shares!C13+SubTech_Intensities!D20*Market_Shares!D13+SubTech_Intensities!E20*Market_Shares!E13 -> 104.73016 | E21: =SubTech_Intensities!B20*Market_Shares!B14+SubTech_Intensities!C20*Market_Shares!C14+SubTech_Intensities!D20*Market_Shares!D14+SubTech_Intensities!E20*Market_Shares!E14 -> 105.07937 | F21: =SubTech_Intensities!B20*Market_Shares!B15+SubTech_Intensities!C20*Market_Shares!C15+SubTech_Intensities!D20*Market_Shares!D15+SubTech_Intensities!E20*Market_Shares!E15 -> 105.42857 | G21: =SubTech_Intensities!B20*Market_Shares!B16+SubTech_Intensities!C20*Market_Shares!C16+SubTech_Intensities!D20*Market_Shares!D16+SubTech_Intensities!E20*Market_Shares!E16 -> 105.85929 | H21: =SubTech_Intensities!B20*Market_Shares!B17+SubTech_Intensities!C20*Market_Shares!C17+SubTech_Intensities!D20*Market_Shares!D17+SubTech_Intensities!E20*Market_Shares!E17 -> 106.29
A22: Neodymium | B22: =SubTech_Intensities!B21*Market_Shares!B11+SubTech_Intensities!C21*Market_Shares!C11+SubTech_Intensities!D21*Market_Shares!D11+SubTech_Intensities!E21*Market_Shares!E11 -> 51.588889 | C22: =SubTech_Intensities!B21*Market_Shares!B12+SubTech_Intensities!C21*Market_Shares!C12+SubTech_Intensities!D21*Market_Shares!D12+SubTech_Intensities!E21*Market_Shares!E12 -> 53.280159 | D22: =SubTech_Intensities!B21*Market_Shares!B13+SubTech_Intensities!C21*Market_Shares!C13+SubTech_Intensities!D21*Market_Shares!D13+SubTech_Intensities!E21*Market_Shares!E13 -> 54.971428 | E22: =SubTech_Intensities!B21*Market_Shares!B14+SubTech_Intensities!C21*Market_Shares!C14+SubTech_Intensities!D21*Market_Shares!D14+SubTech_Intensities!E21*Market_Shares!E14 -> 57.87619 | F22: =SubTech_Intensities!B21*Market_Shares!B15+SubTech_Intensities!C21*Market_Shares!C15+SubTech_Intensities!D21*Market_Shares!D15+SubTech_Intensities!E21*Market_Shares!E15 -> 60.780952 | G22: =SubTech_Intensities!B21*Market_Shares!B16+SubTech_Intensities!C21*Market_Shares!C16+SubTech_Intensities!D21*Market_Shares!D16+SubTech_Intensities!E21*Market_Shares!E16 -> 63.969476 | H22: =SubTech_Intensities!B21*Market_Shares!B17+SubTech_Intensities!C21*Market_Shares!C17+SubTech_Intensities!D21*Market_Shares!D17+SubTech_Intensities!E21*Market_Shares!E17 -> 67.158
A23: Nickel | B23: =SubTech_Intensities!B22*Market_Shares!B11+SubTech_Intensities!C22*Market_Shares!C11+SubTech_Intensities!D22*Market_Shares!D11+SubTech_Intensities!E22*Market_Shares!E11 -> 390.15873 | C23: =SubTech_Intensities!B22*Market_Shares!B12+SubTech_Intensities!C22*Market_Shares!C12+SubTech_Intensities!D22*Market_Shares!D12+SubTech_Intensities!E22*Market_Shares!E12 -> 390.2619 | D23: =SubTech_Intensities!B22*Market_Shares!B13+SubTech_Intensities!C22*Market_Shares!C13+SubTech_Intensities!D22*Market_Shares!D13+SubTech_Intensities!E22*Market_Shares!E13 -> 390.36508 | E23: =SubTech_Intensities!B22*Market_Shares!B14+SubTech_Intensities!C22*Market_Shares!C14+SubTech_Intensities!D22*Market_Shares!D14+SubTech_Intensities!E22*Market_Shares!E14 -> 388.20635 | F23: =SubTech_Intensities!B22*Market_Shares!B15+SubTech_Intensities!C22*Market_Shares!C15+SubTech_Intensities!D22*Market_Shares!D15+SubTech_Intensities!E22*Market_Shares!E15 -> 386.04762 | G23: =SubTech_Intensities!B22*Market_Shares!B16+SubTech_Intensities!C22*Market_Shares!C16+SubTech_Intensities!D22*Market_Shares!D16+SubTech_Intensities!E22*Market_Shares!E16 -> 384.00881 | H23: =SubTech_Intensities!B22*Market_Shares!B17+SubTech_Intensities!C22*Market_Shares!C17+SubTech_Intensities!D22*Market_Shares!D17+SubTech_Intensities!E22*Market_Shares!E17 -> 381.97
A24: Niobium | B24: =SubTech_Intensities!B23*Market_Shares!B11+SubTech_Intensities!C23*Market_Shares!C11+SubTech_Intensities!D23*Market_Shares!D11+SubTech_Intensities!E23*Market_Shares!E11 -> 0 | C24: =SubTech_Intensities!B23*Market_Shares!B12+SubTech_Intensities!C23*Market_Shares!C12+SubTech_Intensities!D23*Market_Shares!D12+SubTech_Intensities!E23*Market_Shares!E12 -> 0 | D24: =SubTech_Intensities!B23*Market_Shares!B13+SubTech_Intensities!C23*Market_Shares!C13+SubTech_Intensities!D23*Market_Shares!D13+SubTech_Intensities!E23*Market_Shares!E13 -> 0 | E24: =SubTech_Intensities!B23*Market_Shares!B14+SubTech_Intensities!C23*Market_Shares!C14+SubTech_Intensities!D23*Market_Shares!D14+SubTech_Intensities!E23*Market_Shares!E14 -> 0 | F24: =SubTech_Intensities!B23*Market_Shares!B15+SubTech_Intensities!C23*Market_Shares!C15+SubTech_Intensities!D23*Market_Shares!D15+SubTech_Intensities!E23*Market_Shares!E15 -> 0 | G24: =SubTech_Intensities!B23*Market_Shares!B16+SubTech_Intensities!C23*Market_Shares!C16+SubTech_Intensities!D23*Market_Shares!D16+SubTech_Intensities!E23*Market_Shares!E16 -> 0 | H24: =SubTech_Intensities!B23*Market_Shares!B17+SubTech_Intensities!C23*Market_Shares!C17+SubTech_Intensities!D23*Market_Shares!D17+SubTech_Intensities!E23*Market_Shares!E17 -> 0
A25: Polymers | B25: =SubTech_Intensities!B24*Market_Shares!B11+SubTech_Intensities!C24*Market_Shares!C11+SubTech_Intensities!D24*Market_Shares!D11+SubTech_Intensities!E24*Market_Shares!E11 -> 4600 | C25: =SubTech_Intensities!B24*Market_Shares!B12+SubTech_Intensities!C24*Market_Shares!C12+SubTech_Intensities!D24*Market_Shares!D12+SubTech_Intensities!E24*Market_Shares!E12 -> 4600 | D25: =SubTech_Intensities!B24*Market_Shares!B13+SubTech_Intensities!C24*Market_Shares!C13+SubTech_Intensities!D24*Market_Shares!D13+SubTech_Intensities!E24*Market_Shares!E13 -> 4600 | E25: =SubTech_Intensities!B24*Market_Shares!B14+SubTech_Intensities!C24*Market_Shares!C14+SubTech_Intensities!D24*Market_Shares!D14+SubTech_Intensities!E24*Market_Shares!E14 -> 4600 | F25: =SubTech_Intensities!B24*Market_Shares!B15+SubTech_Intensities!C24*Market_Shares!C15+SubTech_Intensities!D24*Market_Shares!D15+SubTech_Intensities!E24*Market_Shares!E15 -> 4600 | G25: =SubTech_Intensities!B24*Market_Shares!B16+SubTech_Intensities!C24*Market_Shares!C16+SubTech_Intensities!D24*Market_Shares!D16+SubTech_Intensities!E24*Market_Shares!E16 -> 4600 | H25: =SubTech_Intensities!B24*Market_Shares!B17+SubTech_Intensities!C24*Market_Shares!C17+SubTech_Intensities!D24*Market_Shares!D17+SubTech_Intensities!E24*Market_Shares!E17 -> 4600
A26: Praesodymium | B26: =SubTech_Intensities!B25*Market_Shares!B11+SubTech_Intensities!C25*Market_Shares!C11+SubTech_Intensities!D25*Market_Shares!D11+SubTech_Intensities!E25*Market_Shares!E11 -> 7.7444444 | C26: =SubTech_Intensities!B25*Market_Shares!B12+SubTech_Intensities!C25*Market_Shares!C12+SubTech_Intensities!D25*Market_Shares!D12+SubTech_Intensities!E25*Market_Shares!E12 -> 7.9333333 | D26: =SubTech_Intensities!B25*Market_Shares!B13+SubTech_Intensities!C25*Market_Shares!C13+SubTech_Intensities!D25*Market_Shares!D13+SubTech_Intensities!E25*Market_Shares!E13 -> 8.1222222 | E26: =SubTech_Intensities!B25*Market_Shares!B14+SubTech_Intensities!C25*Market_Shares!C14+SubTech_Intensities!D25*Market_Shares!D14+SubTech_Intensities!E25*Market_Shares!E14 -> 8.6301587 | F26: =SubTech_Intensities!B25*Market_Shares!B15+SubTech_Intensities!C25*Market_Shares!C15+SubTech_Intensities!D25*Market_Shares!D15+SubTech_Intensities!E25*Market_Shares!E15 -> 9.1380952 | G26: =SubTech_Intensities!B25*Market_Shares!B16+SubTech_Intensities!C25*Market_Shares!C16+SubTech_Intensities!D25*Market_Shares!D16+SubTech_Intensities!E25*Market_Shares!E16 -> 9.6705476 | H26: =SubTech_Intensities!B25*Market_Shares!B17+SubTech_Intensities!C25*Market_Shares!C17+SubTech_Intensities!D25*Market_Shares!D17+SubTech_Intensities!E25*Market_Shares!E17 -> 10.203
A27: Selenium | B27: =SubTech_Intensities!B26*Market_Shares!B11+SubTech_Intensities!C26*Market_Shares!C11+SubTech_Intensities!D26*Market_Shares!D11+SubTech_Intensities!E26*Market_Shares!E11 -> 0 | C27: =SubTech_Intensities!B26*Market_Shares!B12+SubTech_Intensities!C26*Market_Shares!C12+SubTech_Intensities!D26*Market_Shares!D12+SubTech_Intensities!E26*Market_Shares!E12 -> 0 | D27: =SubTech_Intensities!B26*Market_Shares!B13+SubTech_Intensities!C26*Market_Shares!C13+SubTech_Intensities!D26*Market_Shares!D13+SubTech_Intensities!E26*Market_Shares!E13 -> 0 | E27: =SubTech_Intensities!B26*Market_Shares!B14+SubTech_Intensities!C26*Market_Shares!C14+SubTech_Intensities!D26*Market_Shares!D14+SubTech_Intensities!E26*Market_Shares!E14 -> 0 | F27: =SubTech_Intensities!B26*Market_Shares!B15+SubTech_Intensities!C26*Market_Shares!C15+SubTech_Intensities!D26*Market_Shares!D15+SubTech_Intensities!E26*Market_Shares!E15 -> 0 | G27: =SubTech_Intensities!B26*Market_Shares!B16+SubTech_Intensities!C26*Market_Shares!C16+SubTech_Intensities!D26*Market_Shares!D16+SubTech_Intensities!E26*Market_Shares!E16 -> 0 | H27: =SubTech_Intensities!B26*Market_Shares!B17+SubTech_Intensities!C26*Market_Shares!C17+SubTech_Intensities!D26*Market_Shares!D17+SubTech_Intensities!E26*Market_Shares!E17 -> 0
A28: Silicon | B28: =SubTech_Intensities!B27*Market_Shares!B11+SubTech_Intensities!C27*Market_Shares!C11+SubTech_Intensities!D27*Market_Shares!D11+SubTech_Intensities!E27*Market_Shares!E11 -> 0 | C28: =SubTech_Intensities!B27*Market_Shares!B12+SubTech_Intensities!C27*Market_Shares!C12+SubTech_Intensities!D27*Market_Shares!D12+SubTech_Intensities!E27*Market_Shares!E12 -> 0 | D28: =SubTech_Intensities!B27*Market_Shares!B13+SubTech_Intensities!C27*Market_Shares!C13+SubTech_Intensities!D27*Market_Shares!D13+SubTech_Intensities!E27*Market_Shares!E13 -> 0 | E28: =SubTech_Intensities!B27*Market_Shares!B14+SubTech_Intensities!C27*Market_Shares!C14+SubTech_Intensities!D27*Market_Shares!D14+SubTech_Intensities!E27*Market_Shares!E14 -> 0 | F28: =SubTech_Intensities!B27*Market_Shares!B15+SubTech_Intensities!C27*Market_Shares!C15+SubTech_Intensities!D27*Market_Shares!D15+SubTech_Intensities!E27*Market_Shares!E15 -> 0 | G28: =SubTech_Intensities!B27*Market_Shares!B16+SubTech_Intensities!C27*Market_Shares!C16+SubTech_Intensities!D27*Market_Shares!D16+SubTech_Intensities!E27*Market_Shares!E16 -> 0 | H28: =SubTech_Intensities!B27*Market_Shares!B17+SubTech_Intensities!C27*Market_Shares!C17+SubTech_Intensities!D27*Market_Shares!D17+SubTech_Intensities!E27*Market_Shares!E17 -> 0
A29: Silver | B29: =SubTech_Intensities!B28*Market_Shares!B11+SubTech_Intensities!C28*Market_Shares!C11+SubTech_Intensities!D28*Market_Shares!D11+SubTech_Intensities!E28*Market_Shares!E11 -> 0 | C29: =SubTech_Intensities!B28*Market_Shares!B12+SubTech_Intensities!C28*Market_Shares!C12+SubTech_Intensities!D28*Market_Shares!D12+SubTech_Intensities!E28*Market_Shares!E12 -> 0 | D29: =SubTech_Intensities!B28*Market_Shares!B13+SubTech_Intensities!C28*Market_Shares!C13+SubTech_Intensities!D28*Market_Shares!D13+SubTech_Intensities!E28*Market_Shares!E13 -> 0 | E29: =SubTech_Intensities!B28*Market_Shares!B14+SubTech_Intensities!C28*Market_Shares!C14+SubTech_Intensities!D28*Market_Shares!D14+SubTech_Intensities!E28*Market_Shares!E14 -> 0 | F29: =SubTech_Intensities!B28*Market_Shares!B15+SubTech_Intensities!C28*Market_Shares!C15+SubTech_Intensities!D28*Market_Shares!D15+SubTech_Intensities!E28*Market_Shares!E15 -> 0 | G29: =SubTech_Intensities!B28*Market_Shares!B16+SubTech_Intensities!C28*Market_Shares!C16+SubTech_Intensities!D28*Market_Shares!D16+SubTech_Intensities!E28*Market_Shares!E16 -> 0 | H29: =SubTech_Intensities!B28*Market_Shares!B17+SubTech_Intensities!C28*Market_Shares!C17+SubTech_Intensities!D28*Market_Shares!D17+SubTech_Intensities!E28*Market_Shares!E17 -> 0
A30: Tantalum | B30: =SubTech_Intensities!B29*Market_Shares!B11+SubTech_Intensities!C29*Market_Shares!C11+SubTech_Intensities!D29*Market_Shares!D11+SubTech_Intensities!E29*Market_Shares!E11 -> 0 | C30: =SubTech_Intensities!B29*Market_Shares!B12+SubTech_Intensities!C29*Market_Shares!C12+SubTech_Intensities!D29*Market_Shares!D12+SubTech_Intensities!E29*Market_Shares!E12 -> 0 | D30: =SubTech_Intensities!B29*Market_Shares!B13+SubTech_Intensities!C29*Market_Shares!C13+SubTech_Intensities!D29*Market_Shares!D13+SubTech_Intensities!E29*Market_Shares!E13 -> 0 | E30: =SubTech_Intensities!B29*Market_Shares!B14+SubTech_Intensities!C29*Market_Shares!C14+SubTech_Intensities!D29*Market_Shares!D14+SubTech_Intensities!E29*Market_Shares!E14 -> 0 | F30: =SubTech_Intensities!B29*Market_Shares!B15+SubTech_Intensities!C29*Market_Shares!C15+SubTech_Intensities!D29*Market_Shares!D15+SubTech_Intensities!E29*Market_Shares!E15 -> 0 | G30: =SubTech_Intensities!B29*Market_Shares!B16+SubTech_Intensities!C29*Market_Shares!C16+SubTech_Intensities!D29*Market_Shares!D16+SubTech_Intensities!E29*Market_Shares!E16 -> 0 | H30: =SubTech_Intensities!B29*Market_Shares!B17+SubTech_Intensities!C29*Market_Shares!C17+SubTech_Intensities!D29*Market_Shares!D17+SubTech_Intensities!E29*Market_Shares!E17 -> 0
A31: Tellurium | B31: =SubTech_Intensities!B30*Market_Shares!B11+SubTech_Intensities!C30*Market_Shares!C11+SubTech_Intensities!D30*Market_Shares!D11+SubTech_Intensities!E30*Market_Shares!E11 -> 0 | C31: =SubTech_Intensities!B30*Market_Shares!B12+SubTech_Intensities!C30*Market_Shares!C12+SubTech_Intensities!D30*Market_Shares!D12+SubTech_Intensities!E30*Market_Shares!E12 -> 0 | D31: =SubTech_Intensities!B30*Market_Shares!B13+SubTech_Intensities!C30*Market_Shares!C13+SubTech_Intensities!D30*Market_Shares!D13+SubTech_Intensities!E30*Market_Shares!E13 -> 0 | E31: =SubTech_Intensities!B30*Market_Shares!B14+SubTech_Intensities!C30*Market_Shares!C14+SubTech_Intensities!D30*Market_Shares!D14+SubTech_Intensities!E30*Market_Shares!E14 -> 0 | F31: =SubTech_Intensities!B30*Market_Shares!B15+SubTech_Intensities!C30*Market_Shares!C15+SubTech_Intensities!D30*Market_Shares!D15+SubTech_Intensities!E30*Market_Shares!E15 -> 0 | G31: =SubTech_Intensities!B30*Market_Shares!B16+SubTech_Intensities!C30*Market_Shares!C16+SubTech_Intensities!D30*Market_Shares!D16+SubTech_Intensities!E30*Market_Shares!E16 -> 0 | H31: =SubTech_Intensities!B30*Market_Shares!B17+SubTech_Intensities!C30*Market_Shares!C17+SubTech_Intensities!D30*Market_Shares!D17+SubTech_Intensities!E30*Market_Shares!E17 -> 0
A32: Terbium | B32: =SubTech_Intensities!B31*Market_Shares!B11+SubTech_Intensities!C31*Market_Shares!C11+SubTech_Intensities!D31*Market_Shares!D11+SubTech_Intensities!E31*Market_Shares!E11 -> 1.5301587 | C32: =SubTech_Intensities!B31*Market_Shares!B12+SubTech_Intensities!C31*Market_Shares!C12+SubTech_Intensities!D31*Market_Shares!D12+SubTech_Intensities!E31*Market_Shares!E12 -> 1.5849206 | D32: =SubTech_Intensities!B31*Market_Shares!B13+SubTech_Intensities!C31*Market_Shares!C13+SubTech_Intensities!D31*Market_Shares!D13+SubTech_Intensities!E31*Market_Shares!E13 -> 1.6396825 | E32: =SubTech_Intensities!B31*Market_Shares!B14+SubTech_Intensities!C31*Market_Shares!C14+SubTech_Intensities!D31*Market_Shares!D14+SubTech_Intensities!E31*Market_Shares!E14 -> 1.747619 | F32: =SubTech_Intensities!B31*Market_Shares!B15+SubTech_Intensities!C31*Market_Shares!C15+SubTech_Intensities!D31*Market_Shares!D15+SubTech_Intensities!E31*Market_Shares!E15 -> 1.8555556 | G32: =SubTech_Intensities!B31*Market_Shares!B16+SubTech_Intensities!C31*Market_Shares!C16+SubTech_Intensities!D31*Market_Shares!D16+SubTech_Intensities!E31*Market_Shares!E16 -> 1.9712778 | H32: =SubTech_Intensities!B31*Market_Shares!B17+SubTech_Intensities!C31*Market_Shares!C17+SubTech_Intensities!D31*Market_Shares!D17+SubTech_Intensities!E31*Market_Shares!E17 -> 2.087
A33: Tin | B33: =SubTech_Intensities!B32*Market_Shares!B11+SubTech_Intensities!C32*Market_Shares!C11+SubTech_Intensities!D32*Market_Shares!D11+SubTech_Intensities!E32*Market_Shares!E11 -> 0 | C33: =SubTech_Intensities!B32*Market_Shares!B12+SubTech_Intensities!C32*Market_Shares!C12+SubTech_Intensities!D32*Market_Shares!D12+SubTech_Intensities!E32*Market_Shares!E12 -> 0 | D33: =SubTech_Intensities!B32*Market_Shares!B13+SubTech_Intensities!C32*Market_Shares!C13+SubTech_Intensities!D32*Market_Shares!D13+SubTech_Intensities!E32*Market_Shares!E13 -> 0 | E33: =SubTech_Intensities!B32*Market_Shares!B14+SubTech_Intensities!C32*Market_Shares!C14+SubTech_Intensities!D32*Market_Shares!D14+SubTech_Intensities!E32*Market_Shares!E14 -> 0 | F33: =SubTech_Intensities!B32*Market_Shares!B15+SubTech_Intensities!C32*Market_Shares!C15+SubTech_Intensities!D32*Market_Shares!D15+SubTech_Intensities!E32*Market_Shares!E15 -> 0 | G33: =SubTech_Intensities!B32*Market_Shares!B16+SubTech_Intensities!C32*Market_Shares!C16+SubTech_Intensities!D32*Market_Shares!D16+SubTech_Intensities!E32*Market_Shares!E16 -> 0 | H33: =SubTech_Intensities!B32*Market_Shares!B17+SubTech_Intensities!C32*Market_Shares!C17+SubTech_Intensities!D32*Market_Shares!D17+SubTech_Intensities!E32*Market_Shares!E17 -> 0
A34: Tungsten | B34: =SubTech_Intensities!B33*Market_Shares!B11+SubTech_Intensities!C33*Market_Shares!C11+SubTech_Intensities!D33*Market_Shares!D11+SubTech_Intensities!E33*Market_Shares!E11 -> 0 | C34: =SubTech_Intensities!B33*Market_Shares!B12+SubTech_Intensities!C33*Market_Shares!C12+SubTech_Intensities!D33*Market_Shares!D12+SubTech_Intensities!E33*Market_Shares!E12 -> 0 | D34: =SubTech_Intensities!B33*Market_Shares!B13+SubTech_Intensities!C33*Market_Shares!C13+SubTech_Intensities!D33*Market_Shares!D13+SubTech_Intensities!E33*Market_Shares!E13 -> 0 | E34: =SubTech_Intensities!B33*Market_Shares!B14+SubTech_Intensities!C33*Market_Shares!C14+SubTech_Intensities!D33*Market_Shares!D14+SubTech_Intensities!E33*Market_Shares!E14 -> 0 | F34: =SubTech_Intensities!B33*Market_Shares!B15+SubTech_Intensities!C33*Market_Shares!C15+SubTech_Intensities!D33*Market_Shares!D15+SubTech_Intensities!E33*Market_Shares!E15 -> 0 | G34: =SubTech_Intensities!B33*Market_Shares!B16+SubTech_Intensities!C33*Market_Shares!C16+SubTech_Intensities!D33*Market_Shares!D16+SubTech_Intensities!E33*Market_Shares!E16 -> 0 | H34: =SubTech_Intensities!B33*Market_Shares!B17+SubTech_Intensities!C33*Market_Shares!C17+SubTech_Intensities!D33*Market_Shares!D17+SubTech_Intensities!E33*Market_Shares!E17 -> 0
A35: Vanadium | B35: =SubTech_Intensities!B34*Market_Shares!B11+SubTech_Intensities!C34*Market_Shares!C11+SubTech_Intensities!D34*Market_Shares!D11+SubTech_Intensities!E34*Market_Shares!E11 -> 0 | C35: =SubTech_Intensities!B34*Market_Shares!B12+SubTech_Intensities!C34*Market_Shares!C12+SubTech_Intensities!D34*Market_Shares!D12+SubTech_Intensities!E34*Market_Shares!E12 -> 0 | D35: =SubTech_Intensities!B34*Market_Shares!B13+SubTech_Intensities!C34*Market_Shares!C13+SubTech_Intensities!D34*Market_Shares!D13+SubTech_Intensities!E34*Market_Shares!E13 -> 0 | E35: =SubTech_Intensities!B34*Market_Shares!B14+SubTech_Intensities!C34*Market_Shares!C14+SubTech_Intensities!D34*Market_Shares!D14+SubTech_Intensities!E34*Market_Shares!E14 -> 0 | F35: =SubTech_Intensities!B34*Market_Shares!B15+SubTech_Intensities!C34*Market_Shares!C15+SubTech_Intensities!D34*Market_Shares!D15+SubTech_Intensities!E34*Market_Shares!E15 -> 0 | G35: =SubTech_Intensities!B34*Market_Shares!B16+SubTech_Intensities!C34*Market_Shares!C16+SubTech_Intensities!D34*Market_Shares!D16+SubTech_Intensities!E34*Market_Shares!E16 -> 0 | H35: =SubTech_Intensities!B34*Market_Shares!B17+SubTech_Intensities!C34*Market_Shares!C17+SubTech_Intensities!D34*Market_Shares!D17+SubTech_Intensities!E34*Market_Shares!E17 -> 0
A36: Yttrium | B36: =SubTech_Intensities!B35*Market_Shares!B11+SubTech_Intensities!C35*Market_Shares!C11+SubTech_Intensities!D35*Market_Shares!D11+SubTech_Intensities!E35*Market_Shares!E11 -> 0 | C36: =SubTech_Intensities!B35*Market_Shares!B12+SubTech_Intensities!C35*Market_Shares!C12+SubTech_Intensities!D35*Market_Shares!D12+SubTech_Intensities!E35*Market_Shares!E12 -> 0 | D36: =SubTech_Intensities!B35*Market_Shares!B13+SubTech_Intensities!C35*Market_Shares!C13+SubTech_Intensities!D35*Market_Shares!D13+SubTech_Intensities!E35*Market_Shares!E13 -> 0 | E36: =SubTech_Intensities!B35*Market_Shares!B14+SubTech_Intensities!C35*Market_Shares!C14+SubTech_Intensities!D35*Market_Shares!D14+SubTech_Intensities!E35*Market_Shares!E14 -> 0 | F36: =SubTech_Intensities!B35*Market_Shares!B15+SubTech_Intensities!C35*Market_Shares!C15+SubTech_Intensities!D35*Market_Shares!D15+SubTech_Intensities!E35*Market_Shares!E15 -> 0 | G36: =SubTech_Intensities!B35*Market_Shares!B16+SubTech_Intensities!C35*Market_Shares!C16+SubTech_Intensities!D35*Market_Shares!D16+SubTech_Intensities!E35*Market_Shares!E16 -> 0 | H36: =SubTech_Intensities!B35*Market_Shares!B17+SubTech_Intensities!C35*Market_Shares!C17+SubTech_Intensities!D35*Market_Shares!D17+SubTech_Intensities!E35*Market_Shares!E17 -> 0
A37: Zinc | B37: =SubTech_Intensities!B36*Market_Shares!B11+SubTech_Intensities!C36*Market_Shares!C11+SubTech_Intensities!D36*Market_Shares!D11+SubTech_Intensities!E36*Market_Shares!E11 -> 5500 | C37: =SubTech_Intensities!B36*Market_Shares!B12+SubTech_Intensities!C36*Market_Shares!C12+SubTech_Intensities!D36*Market_Shares!D12+SubTech_Intensities!E36*Market_Shares!E12 -> 5500 | D37: =SubTech_Intensities!B36*Market_Shares!B13+SubTech_Intensities!C36*Market_Shares!C13+SubTech_Intensities!D36*Market_Shares!D13+SubTech_Intensities!E36*Market_Shares!E13 -> 5500 | E37: =SubTech_Intensities!B36*Market_Shares!B14+SubTech_Intensities!C36*Market_Shares!C14+SubTech_Intensities!D36*Market_Shares!D14+SubTech_Intensities!E36*Market_Shares!E14 -> 5500 | F37: =SubTech_Intensities!B36*Market_Shares!B15+SubTech_Intensities!C36*Market_Shares!C15+SubTech_Intensities!D36*Market_Shares!D15+SubTech_Intensities!E36*Market_Shares!E15 -> 5500 | G37: =SubTech_Intensities!B36*Market_Shares!B16+SubTech_Intensities!C36*Market_Shares!C16+SubTech_Intensities!D36*Market_Shares!D16+SubTech_Intensities!E36*Market_Shares!E16 -> 5500 | H37: =SubTech_Intensities!B36*Market_Shares!B17+SubTech_Intensities!C36*Market_Shares!C17+SubTech_Intensities!D36*Market_Shares!D17+SubTech_Intensities!E36*Market_Shares!E17 -> 5500
A38: Zirconium | B38: =SubTech_Intensities!B37*Market_Shares!B11+SubTech_Intensities!C37*Market_Shares!C11+SubTech_Intensities!D37*Market_Shares!D11+SubTech_Intensities!E37*Market_Shares!E11 -> 0 | C38: =SubTech_Intensities!B37*Market_Shares!B12+SubTech_Intensities!C37*Market_Shares!C12+SubTech_Intensities!D37*Market_Shares!D12+SubTech_Intensities!E37*Market_Shares!E12 -> 0 | D38: =SubTech_Intensities!B37*Market_Shares!B13+SubTech_Intensities!C37*Market_Shares!C13+SubTech_Intensities!D37*Market_Shares!D13+SubTech_Intensities!E37*Market_Shares!E13 -> 0 | E38: =SubTech_Intensities!B37*Market_Shares!B14+SubTech_Intensities!C37*Market_Shares!C14+SubTech_Intensities!D37*Market_Shares!D14+SubTech_Intensities!E37*Market_Shares!E14 -> 0 | F38: =SubTech_Intensities!B37*Market_Shares!B15+SubTech_Intensities!C37*Market_Shares!C15+SubTech_Intensities!D37*Market_Shares!D15+SubTech_Intensities!E37*Market_Shares!E15 -> 0 | G38: =SubTech_Intensities!B37*Market_Shares!B16+SubTech_Intensities!C37*Market_Shares!C16+SubTech_Intensities!D37*Market_Shares!D16+SubTech_Intensities!E37*Market_Shares!E16 -> 0 | H38: =SubTech_Intensities!B37*Market_Shares!B17+SubTech_Intensities!C37*Market_Shares!C17+SubTech_Intensities!D37*Market_Shares!D17+SubTech_Intensities!E37*Market_Shares!E17 -> 0
